ROW_ID,Country,Year,Status,Adult Mortality,infant deaths,Alcohol,percentage expenditure,Hepatitis B,Measles,BMI,under-five deaths,Polio,Total expenditure,Diphtheria,HIV/AIDS,GDP,Population,thinness 1-19 years,thinness 5-9 years,Income composition of resources,Schooling,Life expectancy
0,Argentina,2015,Developing,116.0,8,,0.0,94.0,0,62.8,9,93.0,,94.0,0.1,13467.1236,43417765.0,1.0,0.9,0.826,17.3,
1,Argentina,2014,Developing,118.0,8,7.93,847.3717463,94.0,1,62.2,9,92.0,4.79,94.0,0.1,12245.25645,42981515.0,1.0,0.9,0.825,17.3,
2,Argentina,2013,Developing,119.0,8,8.28,1001.796332,94.0,0,61.6,10,99.0,4.99,94.0,0.1,12976.63642,42539925.0,1.0,0.9,0.823,17.3,
3,Argentina,2012,Developing,12.0,9,8.35,1133.558003,91.0,2,61.0,10,99.0,5.2,91.0,0.1,12969.7712,4296739.0,1.0,0.9,0.822,17.2,
4,Argentina,2011,Developing,12.0,9,8.11,1504.329462,91.0,3,6.4,10,93.0,5.89,91.0,0.1,12726.9836,41656879.0,1.0,0.9,0.816,17.1,
5,Argentina,2010,Developing,121.0,10,8.15,187.610955,94.0,17,59.8,11,95.0,6.55,94.0,0.1,1276.265,41223889.0,1.0,0.9,0.802,16.8,
6,Argentina,2009,Developing,126.0,10,8.33,1398.042623,94.0,3,59.2,11,97.0,7.63,94.0,0.1,8161.36966,479947.0,1.0,0.9,0.794,16.5,
7,Argentina,2008,Developing,126.0,10,8.41,1413.73543,9.0,0,58.6,11,94.0,6.66,93.0,0.1,8953.359275,4382389.0,1.0,0.9,0.792,16.3,
8,Argentina,2007,Developing,129.0,10,8.16,1105.659031,85.0,0,58.0,12,92.0,6.49,91.0,0.1,7193.61764,3997224.0,1.1,0.9,0.788,16.3,
9,Argentina,2006,Developing,127.0,11,7.75,961.1774676,84.0,0,57.5,12,92.0,6.68,91.0,0.1,5878.76127,3955889.0,1.1,0.9,0.782,16.1,
10,Argentina,2005,Developing,127.0,11,7.53,96.16653429,88.0,0,56.9,12,95.0,6.85,98.0,0.1,576.883829,39145488.0,1.1,1.0,0.78,16.3,
11,Argentina,2004,Developing,13.0,11,7.63,719.3663797,81.0,0,56.3,12,91.0,6.84,98.0,0.1,4251.574348,38728696.0,1.1,1.0,0.775,16.3,
12,Argentina,2003,Developing,137.0,11,7.62,57.58467352,73.0,0,55.7,13,95.0,8.22,96.0,0.1,333.4376,3839379.0,1.2,1.0,0.77,16.4,
13,Argentina,2002,Developing,138.0,12,7.81,470.1869145,66.0,0,55.1,13,94.0,8.31,93.0,0.1,2579.193168,3788937.0,1.2,1.0,0.776,16.3,
14,Argentina,2001,Developing,138.0,12,7.76,123.0128671,,0,54.6,13,85.0,9.38,83.0,0.1,717.694674,3747159.0,1.2,1.1,0.771,15.6,
15,Argentina,2000,Developing,137.0,12,7.68,1349.025282,,6,54.0,14,88.0,9.21,83.0,0.1,7669.273916,3757452.0,1.2,1.1,0.764,15.0,
16,Azerbaijan,2015,Developing,118.0,5,,0.0,96.0,0,52.5,6,98.0,,96.0,0.1,55.31382,9649341.0,2.8,2.9,0.758,12.7,
17,Azerbaijan,2014,Developing,119.0,5,0.01,306.1824313,94.0,0,51.5,6,97.0,6.4,94.0,0.1,7891.299776,953579.0,2.8,2.9,0.752,12.2,
18,Azerbaijan,2013,Developing,121.0,5,2.14,275.6514934,93.0,164,5.6,6,96.0,5.54,93.0,0.1,7875.756953,941681.0,2.8,2.8,0.745,11.9,
19,Azerbaijan,2012,Developing,123.0,5,0.01,285.6103912,88.0,0,49.7,6,92.0,5.37,89.0,0.1,7496.335728,9295784.0,2.8,2.8,0.742,11.8,
20,Azerbaijan,2011,Developing,125.0,5,1.98,263.142699,84.0,0,48.8,6,91.0,5.1,87.0,0.1,7189.691229,917382.0,2.8,2.9,0.741,11.7,
21,Azerbaijan,2010,Developing,13.0,5,1.98,246.5686008,8.0,0,48.0,6,85.0,5.33,81.0,0.1,5842.85784,954332.0,2.8,2.9,0.737,11.7,
22,Azerbaijan,2009,Developing,132.0,6,2.1,22.48638351,74.0,0,47.3,6,84.0,5.85,81.0,0.1,495.294791,8947243.0,2.8,2.9,0.728,11.6,
23,Azerbaijan,2008,Developing,141.0,6,1.18,206.2616134,68.0,5,46.6,6,85.0,4.37,81.0,0.1,5574.6382,87634.0,2.8,2.9,0.719,11.6,
24,Azerbaijan,2007,Developing,14.0,6,1.02,176.0107106,62.0,0,45.9,7,81.0,5.1,79.0,0.1,3851.437869,85813.0,2.8,2.9,0.708,11.6,
25,Azerbaijan,2006,Developing,154.0,6,0.85,105.6337264,52.0,222,45.3,7,8.0,6.17,78.0,0.1,2473.85776,848455.0,2.9,2.9,0.682,10.7,
26,Azerbaijan,2005,Developing,162.0,6,0.73,81.28883085,49.0,1238,44.7,7,79.0,7.86,75.0,0.1,1578.4239,839185.0,2.9,3.0,0.675,11.2,
27,Azerbaijan,2004,Developing,154.0,6,0.62,8.59680496,5.0,827,44.2,8,78.0,7.92,77.0,0.1,145.2163,8365.0,3.0,3.0,0.668,11.0,
28,Azerbaijan,2003,Developing,154.0,7,0.55,42.41491183,51.0,1978,43.6,8,79.0,6.56,77.0,0.1,883.6439965,82341.0,3.0,3.0,0.659,10.8,
29,Azerbaijan,2002,Developing,146.0,7,0.55,39.33253687,5.0,4353,43.1,9,8.0,4.47,76.0,0.1,763.73858,817195.0,3.1,3.1,0.651,10.6,
30,Azerbaijan,2001,Developing,151.0,8,0.51,4.104190077,,574,42.6,10,77.0,4.48,77.0,0.1,73.6838434,81112.0,3.1,3.1,0.642,10.4,
31,Azerbaijan,2000,Developing,16.0,9,0.65,35.09462644,,210,42.1,11,75.0,4.67,76.0,0.1,655.974326,8486.0,3.2,3.1,0.636,10.1,
32,Belgium,2015,Developed,74.0,0,,0.0,98.0,47,63.7,1,99.0,,99.0,0.1,4356.875,11274196.0,1.0,1.0,0.895,16.6,
33,Belgium,2014,Developed,76.0,0,12.6,7163.348923,98.0,70,63.4,1,99.0,1.59,99.0,0.1,47439.39684,112957.0,1.0,1.0,0.89,16.3,
34,Belgium,2013,Developed,77.0,0,11.77,702.359357,98.0,39,63.0,1,99.0,1.57,99.0,0.1,4651.38647,11182817.0,1.0,0.9,0.889,16.3,
35,Belgium,2012,Developed,78.0,0,10.08,664.4738975,98.0,109,62.6,1,99.0,1.54,99.0,0.1,4474.5717,11128246.0,0.9,0.9,0.886,16.2,
36,Belgium,2011,Developed,8.0,0,10.11,713.5297354,97.0,576,62.3,1,98.0,1.42,98.0,0.1,4772.77415,1147744.0,0.9,0.9,0.884,16.1,
37,Belgium,2010,Developed,81.0,0,10.22,665.7356115,97.0,40,61.9,1,98.0,1.17,98.0,0.1,4438.23741,1895586.0,0.9,0.9,0.878,15.9,
38,Belgium,2009,Developed,85.0,0,10.05,671.9376566,97.0,33,61.6,1,98.0,1.39,98.0,0.1,4488.5615,1796493.0,0.9,0.9,0.876,15.8,
39,Belgium,2008,Developed,87.0,0,10.47,7191.051507,98.0,98,61.3,1,99.0,9.6,99.0,0.1,48424.58927,179973.0,0.8,0.8,0.874,15.8,
40,Belgium,2007,Developed,86.0,0,10.25,640.3560918,94.0,64,6.9,1,99.0,9.25,98.0,0.1,4443.83131,16257.0,0.8,0.8,0.871,15.8,
41,Belgium,2006,Developed,85.0,0,10.98,5579.199083,94.0,15,6.6,1,99.0,9.17,98.0,0.1,38852.3613,1547958.0,0.8,0.8,0.865,15.7,
42,Belgium,2005,Developed,89.0,0,12.27,5068.214488,77.0,26,6.2,1,97.0,9.24,97.0,0.1,36967.28292,1478617.0,0.8,0.8,0.861,15.7,
43,Belgium,2004,Developed,91.0,1,12.05,5160.508378,64.0,61,59.8,1,96.0,9.32,95.0,0.1,35589.71295,1421137.0,0.8,0.8,0.88,18.8,
44,Belgium,2003,Developed,95.0,0,11.28,507.306164,64.0,44,59.4,1,96.0,9.3,95.0,0.1,3743.95693,1376133.0,0.8,0.8,0.878,18.6,
45,Belgium,2002,Developed,99.0,1,11.29,320.3177664,6.0,0,59.0,1,96.0,8.46,95.0,0.1,2552.3328,1332785.0,0.8,0.8,0.875,18.8,
46,Belgium,2001,Developed,1.0,1,11.01,2943.375396,6.0,83,58.5,1,96.0,8.29,95.0,0.1,23121.56635,128657.0,0.8,0.8,0.873,18.2,
47,Belgium,2000,Developed,11.0,1,11.21,287.2084529,6.0,0,58.1,1,96.0,8.12,95.0,0.1,2327.4591,125125.0,0.8,0.8,0.869,18.0,
48,Belize,2015,Developing,175.0,0,,0.0,94.0,0,5.9,0,94.0,,94.0,0.2,4849.997495,359288.0,3.5,3.4,0.706,12.8,
49,Belize,2014,Developing,177.0,0,6.58,670.0920883,95.0,0,5.1,0,95.0,5.79,95.0,0.2,4852.223666,351694.0,3.4,3.4,0.705,12.8,
50,Belize,2013,Developing,18.0,0,6.56,629.2018591,95.0,0,49.3,0,95.0,5.79,95.0,0.2,4688.538443,344181.0,3.4,3.4,0.706,12.9,
51,Belize,2012,Developing,189.0,0,6.66,582.8027185,98.0,0,48.5,0,98.0,5.45,98.0,0.1,4673.63848,33671.0,3.5,3.4,0.702,12.5,
52,Belize,2011,Developing,188.0,0,6.64,605.6286892,95.0,0,47.8,0,95.0,5.61,95.0,0.5,4516.24675,329192.0,3.5,3.4,0.7,12.4,
53,Belize,2010,Developing,186.0,0,6.76,569.9527122,96.0,0,47.0,0,96.0,5.85,96.0,0.2,4344.15177,32168.0,3.5,3.4,0.7,12.4,
54,Belize,2009,Developing,184.0,0,6.85,549.8096097,97.0,0,46.3,0,98.0,5.81,97.0,0.3,4258.788611,313929.0,3.5,3.4,0.7,12.7,
55,Belize,2008,Developing,181.0,0,7.22,51.25232422,94.0,0,45.7,0,94.0,5.9,94.0,0.1,447.22796,36165.0,3.5,3.4,0.699,12.8,
56,Belize,2007,Developing,181.0,0,7.24,69.63051047,96.0,0,45.0,0,97.0,4.76,96.0,0.6,4324.876427,29847.0,3.5,3.5,0.7,12.8,
57,Belize,2006,Developing,184.0,0,6.48,387.3324928,98.0,0,44.4,0,98.0,4.4,98.0,0.6,4187.3783,29747.0,3.6,3.5,0.692,12.3,
58,Belize,2005,Developing,191.0,0,6.25,365.799896,96.0,0,43.8,0,96.0,4.45,96.0,0.8,3933.332215,283277.0,3.6,3.5,0.695,12.8,
59,Belize,2004,Developing,197.0,0,6.2,325.6807462,97.0,0,43.2,0,97.0,4.39,97.0,0.8,3831.53819,27689.0,3.6,3.5,0.691,12.5,
60,Belize,2003,Developing,21.0,0,5.67,312.7995946,96.0,0,42.6,0,95.0,4.53,96.0,1.5,3679.99523,26913.0,3.6,3.6,0.684,12.2,
61,Belize,2002,Developing,199.0,0,4.99,262.8299189,97.0,0,42.0,0,93.0,4.38,89.0,0.1,3556.561825,26226.0,3.7,3.6,0.678,11.9,
62,Belize,2001,Developing,21.0,0,4.9,251.6586929,96.0,0,41.4,0,96.0,4.5,96.0,0.4,3419.275719,254984.0,3.7,3.7,0.677,11.8,
63,Belize,2000,Developing,196.0,0,4.79,219.0239836,76.0,0,4.8,0,91.0,3.98,91.0,0.3,3364.423711,247315.0,3.8,3.7,0.668,11.7,
64,Bhutan,2015,Developing,211.0,0,,0.0,99.0,11,24.5,0,98.0,,99.0,0.5,2613.645177,787386.0,15.4,16.0,0.604,12.5,
65,Bhutan,2014,Developing,216.0,0,0.01,209.3921344,99.0,0,23.6,1,98.0,3.57,99.0,0.5,2522.7968,776448.0,15.7,16.2,0.596,12.5,
66,Bhutan,2013,Developing,219.0,0,0.01,19.79057439,97.0,0,22.7,1,97.0,3.83,97.0,0.6,235.882889,764961.0,15.9,16.5,0.589,12.6,
67,Bhutan,2012,Developing,223.0,0,0.01,188.7373664,97.0,1,21.9,1,97.0,3.7,97.0,0.6,2422.816,752967.0,16.1,16.7,0.581,12.3,
68,Bhutan,2011,Developing,225.0,0,0.23,289.8524057,95.0,10,21.1,1,95.0,4.73,95.0,0.5,2458.45976,7451.0,16.3,17.0,0.572,11.9,
69,Bhutan,2010,Developing,228.0,1,0.28,244.0391949,91.0,21,2.3,1,92.0,5.17,91.0,0.5,2178.921383,727641.0,16.6,17.3,0.0,11.4,
70,Bhutan,2009,Developing,232.0,1,0.17,27.48907048,93.0,6,19.5,1,93.0,6.3,93.0,0.4,177.234497,714458.0,16.8,17.5,0.0,10.9,
71,Bhutan,2008,Developing,234.0,1,0.21,302.667579,96.0,7,18.8,1,96.0,6.58,96.0,0.4,1795.18137,795.0,17.1,17.8,0.0,10.5,
72,Bhutan,2007,Developing,238.0,1,0.16,283.806236,95.0,11,18.0,1,93.0,5.88,95.0,0.3,1741.142552,686958.0,17.3,18.1,0.0,10.1,
73,Bhutan,2006,Developing,245.0,1,0.29,169.2023968,95.0,2,17.4,1,96.0,5.27,95.0,0.3,1335.45696,672228.0,17.5,18.3,0.0,9.6,
74,Bhutan,2005,Developing,254.0,1,0.73,145.5965445,95.0,11,16.7,1,95.0,5.28,95.0,0.3,1247.61392,656639.0,17.8,18.6,0.0,9.2,
75,Bhutan,2004,Developing,263.0,1,0.96,2.586698228,89.0,3,16.1,1,9.0,4.41,89.0,0.3,197.45788,64282.0,18.0,18.8,0.0,8.8,
76,Bhutan,2003,Developing,273.0,1,0.52,19.15664091,95.0,0,15.5,1,96.0,4.9,95.0,0.2,997.7417141,623434.0,18.3,19.1,0.0,8.4,
77,Bhutan,2002,Developing,282.0,1,0.29,151.9755193,83.0,27,14.9,1,89.0,7.75,86.0,0.1,885.6382245,66399.0,18.6,19.4,0.0,8.0,
78,Bhutan,2001,Developing,29.0,1,0.14,8.574029812,89.0,756,14.4,1,88.0,5.91,88.0,0.1,87.9387673,5896.0,18.9,19.6,0.0,7.6,
79,Bhutan,2000,Developing,312.0,1,0.17,93.35872844,98.0,418,13.9,1,98.0,6.91,92.0,0.1,765.8632358,573416.0,19.2,19.9,0.0,7.3,
80,Bolivia (Plurinational State of),2015,Developing,186.0,8,,0.0,99.0,0,52.6,10,99.0,,99.0,0.1,,,1.2,1.1,0.671,13.8,
81,Bolivia (Plurinational State of),2014,Developing,189.0,8,3.62,0.0,98.0,0,51.9,10,99.0,6.33,98.0,0.1,,,1.2,1.1,0.666,13.8,
82,Bolivia (Plurinational State of),2013,Developing,192.0,8,3.78,0.0,94.0,0,51.2,10,95.0,5.96,94.0,0.1,,,1.2,1.1,0.661,13.8,
83,Bolivia (Plurinational State of),2012,Developing,194.0,8,3.89,0.0,93.0,0,5.6,11,93.0,5.56,93.0,0.1,,,1.2,1.1,0.655,13.8,
84,Bolivia (Plurinational State of),2011,Developing,198.0,9,3.93,0.0,95.0,0,49.9,11,95.0,5.49,95.0,0.2,,,1.2,1.1,0.649,13.8,
85,Bolivia (Plurinational State of),2010,Developing,22.0,9,3.95,0.0,91.0,0,49.3,12,9.0,5.44,91.0,0.2,,,1.2,1.1,0.643,13.8,
86,Bolivia (Plurinational State of),2009,Developing,27.0,10,3.87,0.0,93.0,0,48.6,12,92.0,5.76,93.0,0.2,,,1.2,1.1,0.636,13.8,
87,Bolivia (Plurinational State of),2008,Developing,211.0,10,3.77,0.0,88.0,0,48.0,13,87.0,5.0,88.0,0.2,,,1.3,1.1,0.632,14.0,
88,Bolivia (Plurinational State of),2007,Developing,216.0,11,3.47,0.0,84.0,0,47.3,14,85.0,4.96,84.0,0.2,,,1.3,1.2,0.626,14.1,
89,Bolivia (Plurinational State of),2006,Developing,219.0,11,3.23,0.0,83.0,0,46.7,15,82.0,5.19,83.0,0.2,,,1.3,1.2,0.625,14.3,
90,Bolivia (Plurinational State of),2005,Developing,222.0,12,2.86,0.0,85.0,0,46.0,16,84.0,5.67,85.0,0.2,,,1.3,1.2,0.622,14.4,
91,Bolivia (Plurinational State of),2004,Developing,226.0,12,2.66,0.0,84.0,0,45.4,16,84.0,5.22,84.0,0.2,,,1.4,1.2,0.62,14.6,
92,Bolivia (Plurinational State of),2003,Developing,23.0,13,2.37,0.0,8.0,0,44.7,17,82.0,5.3,88.0,0.2,,,1.4,1.3,0.617,14.4,
93,Bolivia (Plurinational State of),2002,Developing,234.0,14,2.26,0.0,77.0,0,44.0,18,76.0,6.53,77.0,0.1,,,1.4,1.3,0.61,14.0,
94,Bolivia (Plurinational State of),2001,Developing,238.0,14,2.2,0.0,77.0,0,43.3,19,71.0,6.31,71.0,0.1,,,1.5,1.4,0.607,13.7,
95,Bolivia (Plurinational State of),2000,Developing,243.0,15,2.32,0.0,77.0,122,42.6,20,74.0,5.67,75.0,0.1,,,1.5,1.4,0.6,13.3,
96,Bulgaria,2015,Developed,137.0,0,,0.0,92.0,0,65.7,1,91.0,,91.0,0.1,6993.47736,7177991.0,1.9,1.8,0.792,15.0,
97,Bulgaria,2014,Developed,138.0,1,12.03,153.1400362,95.0,0,65.1,1,88.0,8.44,88.0,0.1,7853.335191,7223938.0,1.9,1.9,0.787,14.8,
98,Bulgaria,2013,Developed,14.0,1,12.06,149.659879,95.0,14,64.5,1,95.0,7.93,95.0,0.1,7674.86559,7265115.0,1.9,1.9,0.781,14.4,
99,Bulgaria,2012,Developed,139.0,1,10.99,851.450672,95.0,1,63.9,1,95.0,7.11,95.0,0.1,7378.25539,735888.0,1.9,1.9,0.778,14.3,
100,Bulgaria,2011,Developed,144.0,1,10.67,875.1495189,96.0,157,63.3,1,95.0,6.88,95.0,0.1,7813.83499,7348328.0,2.0,2.0,0.775,14.2,
101,Bulgaria,2010,Developed,147.0,1,10.8,766.4454884,95.0,22004,62.7,1,94.0,7.24,94.0,0.1,6843.263289,7395599.0,2.0,2.0,0.77,13.9,
102,Bulgaria,2009,Developed,152.0,1,10.93,661.5144334,96.0,2249,62.1,1,94.0,6.78,94.0,0.1,6955.987733,7444443.0,2.0,2.1,0.768,13.8,
103,Bulgaria,2008,Developed,155.0,1,10.98,107.9826127,96.0,1,61.5,1,96.0,6.61,95.0,0.1,7296.122479,7492561.0,2.1,2.1,0.761,13.8,
104,Bulgaria,2007,Developed,157.0,1,10.89,591.5100978,95.0,1,6.9,1,95.0,6.41,95.0,0.1,5932.899677,7545338.0,2.1,2.2,0.755,13.5,
105,Bulgaria,2006,Developed,161.0,1,10.39,508.6304588,96.0,1,6.3,1,96.0,6.67,95.0,0.1,4513.13628,76122.0,2.2,2.2,0.75,13.5,
106,Bulgaria,2005,Developed,16.0,1,10.48,456.3404657,96.0,3,59.7,1,97.0,7.8,96.0,0.1,3893.68998,7658972.0,2.2,2.3,0.745,13.5,
107,Bulgaria,2004,Developed,157.0,1,10.96,384.1473028,94.0,0,59.1,1,94.0,7.9,95.0,0.1,3381.57837,771686.0,2.3,2.3,0.738,13.3,
108,Bulgaria,2003,Developed,155.0,1,11.19,32.38616103,96.0,0,58.6,1,96.0,7.43,96.0,0.1,271.46824,7775327.0,2.3,2.4,0.729,12.9,
109,Bulgaria,2002,Developed,157.0,1,10.2,33.26778134,88.0,0,58.1,1,94.0,7.41,93.0,0.1,287.534843,7837161.0,2.4,2.4,0.723,12.9,
110,Bulgaria,2001,Developed,16.0,1,10.72,25.06262895,93.0,8,57.5,1,94.0,7.23,94.0,0.1,1764.97387,89142.0,2.4,2.5,0.713,12.9,
111,Bulgaria,2000,Developed,163.0,1,9.69,15.2357274,94.0,46,57.0,1,94.0,6.7,93.0,0.1,169.28586,817172.0,2.5,2.5,0.709,12.9,
112,Cameroon,2015,Developing,357.0,45,,0.0,84.0,1809,29.0,68,83.0,,84.0,3.5,1244.429421,22834522.0,5.6,5.5,0.514,10.4,
113,Cameroon,2014,Developing,366.0,47,0.01,61.39263642,87.0,831,28.4,71,86.0,4.1,87.0,3.7,1441.1417,2223994.0,5.7,5.7,0.507,10.4,
114,Cameroon,2013,Developing,364.0,48,0.01,63.07890158,89.0,760,27.8,73,88.0,4.29,89.0,4.0,1365.34419,21655715.0,5.8,5.8,0.501,10.4,
115,Cameroon,2012,Developing,369.0,50,0.01,68.55839112,85.0,609,27.2,76,85.0,4.34,85.0,4.6,1255.648189,2182383.0,5.9,5.9,0.496,10.4,
116,Cameroon,2011,Developing,371.0,51,6.19,83.18071241,82.0,504,26.6,79,8.0,3.96,82.0,4.9,1295.649726,252447.0,6.0,6.0,0.486,10.0,
117,Cameroon,2010,Developing,37.0,53,6.15,100.8987451,84.0,240,26.0,82,83.0,5.28,84.0,5.5,1182.869227,1997495.0,6.1,6.2,0.48,9.7,
118,Cameroon,2009,Developing,373.0,54,5.89,9.042540892,8.0,251,25.4,85,79.0,5.7,8.0,6.3,123.19538,19432541.0,6.3,6.3,0.473,9.2,
119,Cameroon,2008,Developing,382.0,56,5.9,68.7073044,84.0,495,24.9,87,82.0,5.18,84.0,6.7,1233.524316,18978.0,6.4,6.5,0.466,8.8,
120,Cameroon,2007,Developing,395.0,57,5.44,7.562892922,82.0,100,24.4,89,81.0,4.76,82.0,7.0,111.71186,18395389.0,6.6,6.6,0.456,8.0,
121,Cameroon,2006,Developing,394.0,58,5.22,0.962497052,81.0,196,23.8,91,78.0,4.69,81.0,7.2,12.989164,17899562.0,6.7,6.8,0.456,8.2,
122,Cameroon,2005,Developing,4.0,58,5.03,73.03276195,79.0,605,23.3,93,79.0,4.75,8.0,7.4,952.1872484,1742795.0,6.9,7.0,0.456,8.3,
123,Cameroon,2004,Developing,412.0,59,4.71,7.177302132,,358,22.8,94,72.0,4.73,73.0,7.5,93.211716,1695981.0,7.0,7.1,0.455,8.2,
124,Cameroon,2003,Developing,412.0,60,4.64,67.63925302,,899,22.3,95,72.0,4.97,73.0,7.7,824.8689393,16513822.0,7.2,7.3,0.452,8.1,
125,Cameroon,2002,Developing,47.0,60,4.58,53.70597428,,1448,21.8,97,66.0,4.86,66.0,7.8,676.397661,1684886.0,7.4,7.5,0.452,8.4,
126,Cameroon,2001,Developing,41.0,61,4.43,41.73629221,,23934,21.3,99,61.0,4.7,63.0,7.9,614.6729339,15671927.0,7.5,7.7,0.437,7.1,
127,Cameroon,2000,Developing,394.0,62,3.91,4.720593531,,14629,2.9,100,57.0,4.48,62.0,7.7,68.414399,15274234.0,7.7,7.8,0.433,6.9,
128,Democratic People's Republic of Korea,2015,Developing,139.0,6,,0.0,96.0,0,32.9,7,99.0,,96.0,0.1,,,4.9,4.9,,,
129,Democratic People's Republic of Korea,2014,Developing,142.0,6,0.01,0.0,93.0,3,32.4,8,99.0,,93.0,0.1,,,4.9,4.9,,,
130,Democratic People's Republic of Korea,2013,Developing,146.0,6,3.35,0.0,93.0,0,31.8,8,99.0,,93.0,0.1,,,5.0,5.0,,,
131,Democratic People's Republic of Korea,2012,Developing,149.0,7,3.61,0.0,96.0,0,31.3,9,99.0,,96.0,0.1,,,5.1,5.1,,,
132,Democratic People's Republic of Korea,2011,Developing,153.0,8,3.39,0.0,94.0,0,3.8,10,99.0,,94.0,0.1,,,5.1,5.2,,,
133,Democratic People's Republic of Korea,2010,Developing,157.0,8,3.12,0.0,93.0,0,3.3,10,99.0,,93.0,0.1,,,5.2,5.2,,,
134,Democratic People's Republic of Korea,2009,Developing,161.0,9,3.35,0.0,93.0,0,29.7,11,98.0,,93.0,0.1,,,5.3,5.3,,,
135,Democratic People's Republic of Korea,2008,Developing,164.0,9,3.16,0.0,92.0,8,29.2,12,98.0,,92.0,0.1,,,5.4,5.4,,,
136,Democratic People's Republic of Korea,2007,Developing,166.0,9,3.13,0.0,92.0,3550,28.7,12,99.0,,92.0,0.1,,,5.5,5.5,,,
137,Democratic People's Republic of Korea,2006,Developing,165.0,10,3.28,0.0,96.0,0,28.2,12,98.0,,89.0,0.1,,,5.6,5.6,,,
138,Democratic People's Republic of Korea,2005,Developing,165.0,10,3.21,0.0,92.0,0,27.7,13,97.0,,79.0,0.1,,,5.7,5.7,,,
139,Democratic People's Republic of Korea,2004,Developing,165.0,11,3.13,0.0,98.0,0,27.2,14,99.0,,72.0,0.1,,,5.7,5.7,,,
140,Democratic People's Republic of Korea,2003,Developing,165.0,12,3.13,0.0,27.0,0,26.7,15,99.0,,68.0,0.1,,,5.8,5.8,,,
141,Democratic People's Republic of Korea,2002,Developing,167.0,14,3.08,0.0,,0,26.2,18,99.0,,64.0,0.1,,,5.9,5.9,,,
142,Democratic People's Republic of Korea,2001,Developing,177.0,16,2.53,0.0,,0,25.7,21,98.0,,62.0,0.1,,,5.9,6.0,,,
143,Democratic People's Republic of Korea,2000,Developing,192.0,18,3.52,0.0,,0,25.2,25,93.0,,56.0,0.1,,,6.0,6.0,,,
144,France,2015,Developing,78.0,2,,0.0,86.0,157,62.5,3,98.0,,98.0,0.1,36526.7711,6662468.0,0.7,0.6,0.894,16.3,
145,France,2014,Developing,79.0,3,11.5,6739.677606,83.0,267,62.0,3,98.0,11.54,98.0,0.1,42955.24287,66331957.0,0.6,0.6,0.89,16.2,
146,France,2013,Developing,81.0,3,11.1,6646.953935,74.0,272,61.6,3,99.0,11.56,99.0,0.1,42554.1225,6599857.0,0.6,0.6,0.887,16.2,
147,France,2012,Developing,83.0,3,11.5,751.3793553,78.0,0,61.1,3,99.0,11.44,99.0,0.1,4838.2444,6565979.0,0.6,0.6,0.885,16.1,
148,France,2011,Developing,83.0,3,11.8,683.9190568,74.0,14949,6.6,3,99.0,11.33,99.0,0.1,4381.288,65342776.0,0.6,0.6,0.882,16.1,
149,France,2010,Developing,86.0,3,11.7,72.8001211,65.0,5048,6.1,3,99.0,11.2,99.0,0.1,473.34279,6527512.0,0.6,0.6,0.879,16.0,
150,France,2009,Developing,88.0,3,11.8,6415.35735,51.0,1541,59.6,3,98.0,11.28,98.0,0.1,41631.13141,647744.0,0.6,0.6,0.879,16.0,
151,France,2008,Developing,88.0,3,11.9,7002.785925,47.0,604,59.1,3,98.0,1.57,98.0,0.1,45413.6571,6437499.0,0.6,0.6,0.877,16.1,
152,France,2007,Developing,89.0,3,12.2,64.73714894,42.0,39,58.6,3,99.0,1.45,98.0,0.1,416.58397,6416229.0,0.6,0.6,0.873,16.1,
153,France,2006,Developing,92.0,3,12.4,5689.991931,39.0,40,58.0,4,99.0,1.53,99.0,0.1,36544.5853,63621376.0,0.6,0.6,0.87,16.1,
154,France,2005,Developing,93.0,3,12.2,5451.701225,35.0,36,57.5,4,98.0,1.6,98.0,0.1,34879.72633,63179356.0,0.6,0.6,0.86,15.5,
155,France,2004,Developing,94.0,3,13.18,5291.234786,35.0,4448,57.0,4,99.0,1.53,98.0,0.1,33874.74255,6274897.0,0.6,0.6,0.857,15.5,
156,France,2003,Developing,99.0,3,13.49,4572.441963,28.0,0,56.4,4,96.0,1.43,97.0,0.1,29691.18158,62244884.0,0.6,0.6,0.852,15.4,
157,France,2002,Developing,11.0,3,13.78,3779.655273,29.0,5185,55.8,4,97.0,1.22,97.0,0.1,24275.2426,6185267.0,0.7,0.6,0.851,15.5,
158,France,2001,Developing,13.0,3,13.89,3451.185079,28.0,0,55.2,4,98.0,9.89,97.0,0.1,22527.31775,61357431.0,0.7,0.6,0.849,15.6,
159,France,2000,Developing,13.0,3,13.63,3410.284431,26.0,10000,54.6,4,98.0,9.77,97.0,0.1,22465.64184,6912498.0,0.7,0.6,0.844,15.7,
160,Ghana,2015,Developing,249.0,37,,0.0,88.0,23,28.6,52,88.0,,88.0,0.7,1361.11395,27582821.0,6.2,6.1,0.575,11.4,
161,Ghana,2014,Developing,253.0,37,0.01,97.67794571,98.0,124,28.0,54,93.0,3.56,98.0,0.8,1432.227943,26962563.0,6.4,6.3,0.576,11.7,
162,Ghana,2013,Developing,254.0,38,0.01,28.66897829,9.0,319,27.3,55,91.0,4.63,9.0,0.9,1814.492297,26346251.0,6.6,6.4,0.57,11.5,
163,Ghana,2012,Developing,257.0,39,0.01,151.899429,92.0,1613,26.7,56,91.0,4.79,92.0,0.9,1629.8222,2573349.0,6.7,6.6,0.563,11.2,
164,Ghana,2011,Developing,263.0,40,1.64,225.2219474,91.0,120,26.1,58,91.0,4.81,91.0,1.3,1574.978653,25121796.0,6.9,6.8,0.554,10.9,
165,Ghana,2010,Developing,267.0,40,1.69,195.9824626,94.0,641,25.5,59,94.0,5.33,94.0,1.9,1312.67557,2451214.0,7.1,7.0,0.547,10.5,
166,Ghana,2009,Developing,271.0,41,1.76,30.72290501,94.0,101,24.9,60,94.0,5.17,94.0,2.1,186.76538,2393831.0,7.3,7.2,0.542,10.4,
167,Ghana,2008,Developing,275.0,41,1.78,161.0106435,93.0,82,24.2,61,92.0,4.85,93.0,2.2,1224.41554,2329864.0,7.5,7.4,0.53,9.8,
168,Ghana,2007,Developing,28.0,41,1.25,3.181373629,94.0,6,23.6,61,94.0,5.3,94.0,2.6,19.686718,227212.0,7.7,7.6,0.519,9.1,
169,Ghana,2006,Developing,288.0,41,1.7,129.0263364,84.0,420,23.0,62,84.0,4.64,84.0,2.9,922.9351677,22113425.0,7.9,7.9,0.51,8.7,
170,Ghana,2005,Developing,296.0,41,1.5,78.71123825,84.0,435,22.4,62,85.0,4.51,84.0,3.1,498.172394,215429.0,8.1,8.1,0.499,8.1,
171,Ghana,2004,Developing,34.0,41,1.46,53.23775977,8.0,60,21.8,62,81.0,3.96,8.0,3.2,423.1936389,2986536.0,8.4,8.3,0.491,7.7,
172,Ghana,2003,Developing,38.0,41,1.53,31.09435342,8.0,1939,21.2,63,8.0,3.12,8.0,3.4,373.2815537,2446782.0,8.6,8.5,0.489,7.9,
173,Ghana,2002,Developing,31.0,42,1.6,3.336437969,8.0,12289,2.7,63,8.0,3.7,78.0,3.5,39.484473,19924522.0,8.8,8.8,0.484,7.6,
174,Ghana,2001,Developing,39.0,42,1.49,25.55981288,,13476,2.1,64,81.0,3.56,79.0,3.5,273.6596668,1942165.0,9.0,9.0,0.485,8.0,
175,Ghana,2000,Developing,38.0,43,1.6,20.65432873,,23068,19.5,65,88.0,3.0,88.0,3.6,263.1124679,18938762.0,9.2,9.2,0.48,7.7,
176,Greece,2015,Developing,72.0,0,,0.0,96.0,1,66.5,0,99.0,,99.0,0.1,187.78991,182883.0,0.8,0.7,0.865,17.2,
177,Greece,2014,Developing,73.0,0,7.53,2163.043414,96.0,1,66.0,0,99.0,8.8,99.0,0.1,21673.7817,1892413.0,0.8,0.7,0.862,17.2,
178,Greece,2013,Developing,74.0,0,7.46,2183.106986,98.0,3,65.4,0,99.0,9.26,99.0,0.1,21874.8195,1965211.0,0.8,0.7,0.86,17.1,
179,Greece,2012,Developing,76.0,0,8.2,2528.992935,98.0,3,64.9,0,99.0,9.24,99.0,0.1,22242.68193,114511.0,0.8,0.7,0.858,16.8,
180,Greece,2011,Developing,76.0,0,8.02,3192.887363,95.0,40,64.3,0,99.0,9.77,99.0,0.1,25916.29353,1114899.0,0.8,0.7,0.86,16.7,
181,Greece,2010,Developing,76.0,0,9.0,3189.754439,95.0,149,63.7,0,99.0,9.18,99.0,0.1,26917.75898,11121341.0,0.8,0.7,0.859,16.4,
182,Greece,2009,Developing,78.0,0,9.08,372.6854142,95.0,2,63.1,0,99.0,9.76,99.0,0.1,2971.973,111717.0,0.8,0.7,0.857,16.2,
183,Greece,2008,Developing,77.0,0,9.51,3682.88717,95.0,1,62.4,0,99.0,9.76,99.0,0.1,31997.2821,1177841.0,0.8,0.7,0.853,15.9,
184,Greece,2007,Developing,8.0,0,9.67,3632.243121,95.0,2,61.8,0,99.0,9.41,99.0,0.1,28827.32636,1148473.0,0.8,0.7,0.855,16.4,
185,Greece,2006,Developing,77.0,0,9.42,318.5806628,94.0,0,61.2,1,98.0,9.34,98.0,0.1,2481.15781,112362.0,0.8,0.7,0.85,16.3,
186,Greece,2005,Developing,81.0,0,9.95,2785.139364,93.0,122,6.5,1,96.0,9.36,96.0,0.1,22551.73574,1987314.0,0.8,0.7,0.839,15.6,
187,Greece,2004,Developing,81.0,0,9.56,287.6124519,92.0,1,59.9,1,95.0,8.3,95.0,0.1,21955.149,1955141.0,0.8,0.8,0.83,15.3,
188,Greece,2003,Developing,81.0,0,9.46,2124.921517,92.0,0,59.2,1,93.0,8.61,94.0,0.1,18477.57841,19287.0,0.8,0.8,0.823,15.2,
189,Greece,2002,Developing,81.0,1,8.09,160.8897265,91.0,5,58.6,1,92.0,8.72,92.0,0.1,1411.31339,19222.0,0.8,0.8,0.811,14.6,
190,Greece,2001,Developing,83.0,1,8.62,1403.022211,9.0,12,58.0,1,9.0,8.47,91.0,0.1,12538.17883,1862132.0,0.9,0.8,0.801,14.2,
191,Greece,2000,Developing,84.0,1,8.48,122.1823517,89.0,56,57.4,1,89.0,7.6,89.0,0.1,1242.95373,18588.0,0.9,0.8,0.794,13.9,
192,Grenada,2015,Developing,142.0,0,,0.0,92.0,0,48.4,0,99.0,,92.0,0.1,9212.192824,,3.8,3.8,0.751,15.8,
193,Grenada,2014,Developing,143.0,0,8.42,789.2764615,97.0,0,47.4,0,81.0,6.1,97.0,0.1,8569.776998,,3.8,3.8,0.749,15.8,
194,Grenada,2013,Developing,144.0,0,8.25,780.4459281,97.0,0,46.5,0,98.0,6.15,97.0,0.1,7955.615985,,3.8,3.8,0.746,15.8,
195,Grenada,2012,Developing,146.0,0,8.07,865.9999782,97.0,0,45.6,0,98.0,6.36,97.0,0.1,7583.1872,,3.8,3.8,0.744,15.8,
196,Grenada,2011,Developing,15.0,0,7.84,11.56715633,94.0,0,44.7,0,95.0,6.35,95.0,0.1,741.48438,,3.8,3.8,0.741,15.8,
197,Grenada,2010,Developing,154.0,0,7.91,145.8401998,97.0,0,43.9,0,94.0,6.41,97.0,0.1,7365.666659,,3.8,3.8,0.0,15.8,
198,Grenada,2009,Developing,158.0,0,8.42,146.4384488,99.0,0,43.1,0,99.0,6.24,99.0,0.1,7395.88125,,3.8,3.8,0.0,15.6,
199,Grenada,2008,Developing,162.0,0,8.92,754.9597129,99.0,0,42.4,0,99.0,5.76,99.0,0.1,7946.944346,,3.8,3.9,0.0,15.4,
200,Grenada,2007,Developing,164.0,0,9.06,95.19375921,96.0,0,41.8,0,96.0,5.88,96.0,0.1,7322.596862,,3.9,3.9,0.0,15.3,
201,Grenada,2006,Developing,167.0,0,9.06,662.2663687,91.0,0,41.1,0,91.0,5.99,91.0,0.1,6764.722867,,3.9,3.9,0.0,15.1,
202,Grenada,2005,Developing,169.0,0,8.8,119.5548694,99.0,0,4.5,0,99.0,5.5,99.0,0.1,6754.512393,,3.9,4.0,0.0,14.9,
203,Grenada,2004,Developing,187.0,0,8.43,100.965873,83.0,0,39.9,0,84.0,5.24,83.0,0.1,5836.17763,,4.0,4.0,0.0,14.8,
204,Grenada,2003,Developing,173.0,0,9.75,77.9454329,97.0,0,39.4,0,98.0,5.89,97.0,0.1,5773.73577,,4.0,4.1,0.0,14.6,
205,Grenada,2002,Developing,176.0,0,10.71,513.3465408,98.0,0,38.8,0,98.0,6.67,98.0,0.1,5292.232379,,4.1,4.1,0.0,14.4,
206,Grenada,2001,Developing,178.0,0,9.61,81.11355954,96.0,0,38.2,0,96.0,7.67,96.0,0.1,519.958715,,4.2,4.2,0.0,14.3,
207,Grenada,2000,Developing,182.0,0,9.4,676.5453878,,0,37.7,0,97.0,6.62,97.0,0.1,5117.589923,,4.3,4.2,0.0,14.1,
208,Guatemala,2015,Developing,186.0,10,,0.0,74.0,0,5.6,12,9.0,,74.0,0.4,3923.573344,16252429.0,1.2,1.2,0.637,10.7,
209,Guatemala,2014,Developing,187.0,10,1.88,657.5282797,73.0,0,49.9,13,65.0,6.2,73.0,0.4,3687.763767,15923559.0,1.2,1.2,0.614,10.7,
210,Guatemala,2013,Developing,189.0,11,1.93,582.1469583,85.0,0,49.3,13,84.0,6.3,85.0,0.4,3452.828934,15596214.0,1.2,1.2,0.611,10.7,
211,Guatemala,2012,Developing,189.0,11,2.02,484.7187892,96.0,0,48.6,13,94.0,6.33,96.0,0.4,3299.65139,1527156.0,1.2,1.2,0.616,10.6,
212,Guatemala,2011,Developing,193.0,11,2.16,457.7745845,88.0,0,47.9,14,88.0,6.28,88.0,0.4,3187.845296,14948919.0,1.2,1.2,0.609,10.5,
213,Guatemala,2010,Developing,196.0,12,2.14,443.3248254,94.0,0,47.2,14,94.0,6.64,94.0,0.4,2825.5247,1463417.0,1.3,1.3,0.602,10.5,
214,Guatemala,2009,Developing,198.0,12,2.14,445.4423371,92.0,0,46.5,15,92.0,6.79,92.0,0.4,2635.753474,1431628.0,1.3,1.3,0.596,10.4,
215,Guatemala,2008,Developing,19.0,13,2.21,472.2234994,95.0,0,45.9,15,96.0,6.65,95.0,0.4,2794.22189,146366.0,1.3,1.3,0.589,10.4,
216,Guatemala,2007,Developing,192.0,13,2.4,380.9632429,85.0,0,45.2,16,85.0,6.86,85.0,0.4,2489.955836,137286.0,1.3,1.3,0.578,10.1,
217,Guatemala,2006,Developing,24.0,14,2.38,352.0244894,89.0,0,44.5,17,9.0,7.7,89.0,0.4,2256.56724,133978.0,1.4,1.4,0.57,9.8,
218,Guatemala,2005,Developing,28.0,14,2.35,41.50845637,87.0,0,43.8,18,87.0,6.79,87.0,0.4,277.83438,139628.0,1.4,1.4,0.567,9.6,
219,Guatemala,2004,Developing,21.0,15,2.4,288.4016258,,0,43.1,18,88.0,6.77,87.0,0.4,1872.73783,12796925.0,1.4,1.4,0.564,9.3,
220,Guatemala,2003,Developing,24.0,15,2.45,249.3262948,,0,42.4,19,84.0,6.88,84.0,0.4,1753.349471,125478.0,1.4,1.4,0.56,9.0,
221,Guatemala,2002,Developing,21.0,16,2.41,25.25040918,,0,41.7,20,82.0,6.71,82.0,0.3,171.771491,1228848.0,1.5,1.5,0.553,8.8,
222,Guatemala,2001,Developing,211.0,16,2.53,225.0619956,,0,41.1,20,78.0,6.76,77.0,0.3,1568.376276,11924946.0,1.5,1.5,0.546,8.5,
223,Guatemala,2000,Developing,221.0,17,2.63,238.7369808,,0,4.4,21,8.0,5.25,81.0,0.2,1655.596261,1165743.0,1.6,1.6,0.539,8.2,
224,Guinea,2015,Developing,284.0,26,,0.0,54.0,243,23.3,40,42.0,,54.0,0.5,554.48766,1291533.0,7.3,7.3,0.414,8.8,
225,Guinea,2014,Developing,299.0,27,0.01,50.57976483,51.0,175,22.7,41,42.0,5.64,51.0,0.5,561.997387,118559.0,7.5,7.4,0.412,8.6,
226,Guinea,2013,Developing,284.0,27,0.01,5.140668848,63.0,53,22.2,41,63.0,5.49,63.0,1.0,54.169324,11536615.0,7.7,7.6,0.406,8.5,
227,Guinea,2012,Developing,288.0,28,0.01,4.344930862,62.0,6,21.7,42,63.0,5.39,62.0,1.9,52.3485646,11281469.0,7.8,7.8,0.396,8.5,
228,Guinea,2011,Developing,29.0,28,0.22,42.2547904,63.0,11,21.2,43,63.0,4.73,63.0,2.0,459.2912,113517.0,8.0,8.0,0.385,8.4,
229,Guinea,2010,Developing,291.0,29,0.2,29.74734049,64.0,45,2.8,44,62.0,4.55,64.0,2.2,438.7513346,179417.0,8.2,8.2,0.38,8.3,
230,Guinea,2009,Developing,297.0,29,0.18,24.84763562,57.0,264,2.3,46,6.0,3.85,57.0,2.3,436.6895539,1556524.0,8.4,8.4,0.376,8.1,
231,Guinea,2008,Developing,33.0,30,0.21,19.68510257,57.0,89,19.8,47,59.0,3.21,6.0,2.3,437.4467238,1323142.0,8.6,8.6,0.371,7.9,
232,Guinea,2007,Developing,36.0,31,0.19,1.399626733,57.0,3,19.4,48,46.0,3.8,63.0,2.4,49.456775,196727.0,8.9,8.8,0.364,7.6,
233,Guinea,2006,Developing,317.0,31,0.16,10.3839337,,4,19.0,49,53.0,3.2,57.0,2.6,296.68382,9881428.0,9.1,9.1,0.356,7.1,
234,Guinea,2005,Developing,327.0,32,0.21,1.099665984,,99,18.5,51,59.0,2.82,59.0,2.7,33.424498,9679745.0,9.3,9.3,0.346,6.6,
235,Guinea,2004,Developing,334.0,33,0.34,18.93011259,,10,18.1,53,65.0,3.14,6.0,2.8,386.3288283,949229.0,9.5,9.5,0.325,5.1,
236,Guinea,2003,Developing,338.0,34,0.18,2.39524067,,2497,17.7,55,61.0,3.45,57.0,2.9,37.1931781,939848.0,9.7,9.7,0.338,5.9,
237,Guinea,2002,Developing,337.0,35,0.21,21.3378184,,2151,17.3,56,56.0,3.76,53.0,3.0,322.811171,9137345.0,9.9,9.9,0.329,5.5,
238,Guinea,2001,Developing,336.0,36,0.17,19.89790929,,7408,16.9,58,52.0,3.65,5.0,3.0,315.83983,8971139.0,1.1,1.1,0.322,5.1,
239,Guinea,2000,Developing,328.0,37,0.17,2.215986136,,11294,16.6,60,47.0,3.46,46.0,3.0,34.516918,888546.0,1.3,1.3,0.316,4.8,
240,India,2015,Developing,181.0,910,,0.0,87.0,90387,18.7,1100,86.0,,87.0,0.2,1613.18878,1395398.0,26.7,27.3,0.615,11.6,
241,India,2014,Developing,184.0,957,3.07,86.52153895,79.0,79563,18.1,1200,84.0,4.69,85.0,0.2,1573.11889,1293859294.0,26.8,27.4,0.607,11.6,
242,India,2013,Developing,187.0,1000,3.11,67.67230438,7.0,13822,17.5,1300,82.0,4.53,83.0,0.2,1452.195373,127856227.0,26.8,27.5,0.599,11.5,
243,India,2012,Developing,19.0,1100,3.1,64.96964491,73.0,18668,17.0,1400,79.0,4.39,82.0,0.2,1446.98541,126365852.0,26.9,27.6,0.59,11.3,
244,India,2011,Developing,193.0,1100,3.0,64.6059005,44.0,33634,16.4,1500,79.0,4.33,82.0,0.2,1461.671957,124723629.0,26.9,27.7,0.58,10.8,
245,India,2010,Developing,196.0,1200,2.77,57.73359864,38.0,31458,15.9,1600,76.0,4.28,79.0,0.2,1345.77153,12398691.0,27.0,27.8,0.569,10.4,
246,India,2009,Developing,2.0,1300,2.5,0.844186331,37.0,56188,15.4,1700,73.0,4.38,74.0,0.2,19.317765,121427132.0,27.0,27.8,0.563,10.5,
247,India,2008,Developing,23.0,1300,1.93,43.03043312,29.0,44258,14.9,1800,69.0,4.34,7.0,0.3,991.484634,119714696.0,27.0,27.9,0.556,10.2,
248,India,2007,Developing,26.0,1400,1.59,5.234770324,6.0,41144,14.4,1900,67.0,4.23,64.0,0.3,118.166373,1179681239.0,27.1,28.0,0.546,9.9,
249,India,2006,Developing,28.0,1500,1.37,34.85942671,6.0,64185,13.9,2000,66.0,4.25,65.0,0.3,792.259698,1161977719.0,27.1,28.0,0.536,9.7,
250,India,2005,Developing,211.0,1500,1.27,3.5096369,8.0,36711,13.5,2000,65.0,4.28,65.0,0.3,77.819,1144118674.0,27.2,28.1,0.526,9.4,
251,India,2004,Developing,214.0,1600,1.2,27.33800857,6.0,55443,13.0,2100,58.0,4.22,63.0,0.3,621.3183767,1126135777.0,27.2,28.2,0.518,9.2,
252,India,2003,Developing,216.0,1700,1.19,19.4808682,,47147,12.6,2200,57.0,4.3,61.0,0.3,541.1352279,11827848.0,27.3,28.3,0.505,8.6,
253,India,2002,Developing,219.0,1700,1.1,17.81205644,,40044,12.2,2300,58.0,4.4,59.0,0.3,466.2842,18987112.0,27.4,28.4,0.499,8.4,
254,India,2001,Developing,222.0,1800,1.0,19.00340606,,51780,11.8,2400,58.0,4.5,59.0,0.3,447.138966,171477855.0,27.5,28.5,0.494,8.3,
255,India,2000,Developing,224.0,1800,0.93,19.26615743,,38835,11.4,2500,57.0,4.26,58.0,0.3,438.864634,1535912.0,27.7,28.6,0.489,8.3,
256,Iran (Islamic Republic of),2015,Developing,83.0,18,,0.0,98.0,615,59.7,21,98.0,,98.0,0.1,,,8.5,8.6,0.774,14.8,
257,Iran (Islamic Republic of),2014,Developing,83.0,19,0.01,0.0,99.0,99,58.5,22,99.0,6.89,99.0,0.1,,,8.3,8.4,0.77,14.9,
258,Iran (Islamic Republic of),2013,Developing,83.0,20,0.01,0.0,99.0,189,57.2,23,98.0,6.49,98.0,0.1,,,8.2,8.3,0.769,15.0,
259,Iran (Islamic Republic of),2012,Developing,85.0,21,0.01,0.0,98.0,332,56.0,24,99.0,6.98,99.0,0.1,,,8.0,8.2,0.755,13.6,
260,Iran (Islamic Republic of),2011,Developing,93.0,22,0.03,0.0,99.0,73,54.8,25,99.0,7.12,99.0,0.1,,,7.9,8.1,0.745,13.1,
261,Iran (Islamic Republic of),2010,Developing,16.0,22,0.03,0.0,99.0,538,53.6,26,99.0,8.2,99.0,0.1,,,7.8,8.0,0.735,12.9,
262,Iran (Islamic Republic of),2009,Developing,122.0,23,0.03,0.0,99.0,262,52.5,27,99.0,7.63,99.0,0.1,,,7.7,7.9,0.728,12.8,
263,Iran (Islamic Republic of),2008,Developing,135.0,24,0.02,0.0,99.0,127,51.4,28,99.0,6.28,99.0,0.1,,,7.6,7.8,0.716,12.1,
264,Iran (Islamic Republic of),2007,Developing,138.0,25,0.02,0.0,97.0,133,5.4,29,98.0,5.84,99.0,0.1,,,7.5,7.8,0.704,11.8,
265,Iran (Islamic Republic of),2006,Developing,139.0,26,0.02,0.0,98.0,220,49.4,30,99.0,5.95,98.0,0.1,,,7.4,7.7,0.692,11.4,
266,Iran (Islamic Republic of),2005,Developing,139.0,27,0.01,0.0,94.0,7,48.5,32,95.0,6.6,95.0,0.1,,,7.4,7.7,0.687,11.4,
267,Iran (Islamic Republic of),2004,Developing,139.0,28,0.01,0.0,95.0,3,47.6,33,98.0,5.89,99.0,0.1,,,7.4,7.7,0.686,11.8,
268,Iran (Islamic Republic of),2003,Developing,154.0,29,0.01,0.0,98.0,11644,46.9,35,99.0,5.42,99.0,0.1,,,7.5,7.7,0.679,11.8,
269,Iran (Islamic Republic of),2002,Developing,142.0,31,0.01,0.0,99.0,9554,46.2,37,99.0,5.39,99.0,0.1,,,7.6,7.7,0.674,11.9,
270,Iran (Islamic Republic of),2001,Developing,146.0,33,0.01,0.0,94.0,9582,45.5,40,95.0,5.2,96.0,0.1,,,7.7,7.8,0.666,11.6,
271,Iran (Islamic Republic of),2000,Developing,15.0,35,0.01,0.0,99.0,11874,44.9,43,99.0,4.47,99.0,0.1,,,7.8,7.9,0.66,11.6,
272,Kyrgyzstan,2015,Developing,166.0,3,,0.0,97.0,17779,44.9,3,97.0,,97.0,0.1,,,3.3,3.4,0.662,13.0,
273,Kyrgyzstan,2014,Developing,17.0,3,0.01,0.0,96.0,318,43.9,4,95.0,6.48,96.0,0.1,,,3.3,3.4,0.656,12.8,
274,Kyrgyzstan,2013,Developing,174.0,3,0.01,0.0,97.0,1,43.0,4,97.0,6.68,97.0,0.1,,,3.3,3.3,0.647,12.5,
275,Kyrgyzstan,2012,Developing,18.0,3,0.01,0.0,96.0,0,42.2,4,94.0,6.97,96.0,0.1,,,3.2,3.3,0.638,12.3,
276,Kyrgyzstan,2011,Developing,188.0,4,3.28,0.0,96.0,222,41.4,4,94.0,6.18,96.0,0.2,,,3.2,3.3,0.632,12.1,
277,Kyrgyzstan,2010,Developing,199.0,4,2.73,0.0,96.0,0,4.7,4,88.0,6.66,96.0,0.1,,,3.2,3.3,0.631,12.2,
278,Kyrgyzstan,2009,Developing,21.0,4,2.39,0.0,96.0,1,4.1,4,96.0,6.79,95.0,0.1,,,3.3,3.4,0.629,12.4,
279,Kyrgyzstan,2008,Developing,217.0,4,2.53,0.0,97.0,16,39.5,4,95.0,6.7,95.0,0.2,,,3.3,3.4,0.624,12.6,
280,Kyrgyzstan,2007,Developing,229.0,4,2.77,0.0,94.0,40,39.0,4,94.0,6.87,94.0,0.1,,,3.3,3.4,0.618,12.6,
281,Kyrgyzstan,2006,Developing,234.0,4,2.48,0.0,9.0,27,38.5,4,93.0,6.73,92.0,0.1,,,3.3,3.4,0.613,12.5,
282,Kyrgyzstan,2005,Developing,224.0,4,2.81,0.0,97.0,53,38.0,4,98.0,5.82,98.0,0.1,,,3.4,3.4,0.612,12.4,
283,Kyrgyzstan,2004,Developing,218.0,4,3.41,0.0,99.0,8,37.5,4,98.0,5.57,99.0,0.1,,,3.4,3.4,0.609,12.5,
284,Kyrgyzstan,2003,Developing,217.0,4,3.52,0.0,99.0,6,37.0,4,98.0,5.43,98.0,0.1,,,3.5,3.5,0.602,12.2,
285,Kyrgyzstan,2002,Developing,215.0,4,3.31,0.0,99.0,2,36.5,5,99.0,5.43,98.0,0.1,,,3.5,3.5,0.601,12.1,
286,Kyrgyzstan,2001,Developing,217.0,4,2.62,0.0,57.0,17,36.0,5,99.0,4.79,99.0,0.1,,,3.6,3.6,0.593,11.8,
287,Kyrgyzstan,2000,Developing,225.0,4,2.13,0.0,44.0,16,35.6,5,99.0,4.68,99.0,0.1,,,3.6,3.6,0.586,11.4,
288,Luxembourg,2015,Developed,63.0,0,,0.0,94.0,0,61.3,0,99.0,,99.0,0.1,1199.8223,56964.0,1.0,0.9,0.896,13.9,
289,Luxembourg,2014,Developed,65.0,0,11.12,16255.16198,94.0,0,6.9,0,99.0,6.94,99.0,0.1,119172.7418,556319.0,1.0,0.9,0.892,13.9,
290,Luxembourg,2013,Developed,68.0,0,11.02,15515.75234,94.0,0,6.5,0,99.0,7.1,99.0,0.1,113751.85,54336.0,0.9,0.9,0.892,13.9,
291,Luxembourg,2012,Developed,7.0,0,11.34,2284.58215,94.0,2,6.1,0,99.0,7.18,99.0,0.1,16749.136,53946.0,0.9,0.9,0.892,13.9,
292,Luxembourg,2011,Developed,72.0,0,11.5,17028.52798,95.0,6,59.6,0,96.0,7.34,99.0,0.1,115761.577,518347.0,0.9,0.9,0.894,13.9,
293,Luxembourg,2010,Developed,73.0,0,11.36,2267.252192,94.0,0,59.2,0,96.0,7.68,99.0,0.1,14965.361,56953.0,0.9,0.9,0.884,13.7,
294,Luxembourg,2009,Developed,76.0,0,11.42,2052.393076,95.0,0,58.8,0,96.0,8.11,99.0,0.1,13198.6693,497783.0,0.9,0.9,0.888,13.5,
295,Luxembourg,2008,Developed,8.0,0,11.53,18961.3486,94.0,1,58.4,0,96.0,7.34,99.0,0.1,114293.8433,48865.0,0.9,0.9,0.887,13.5,
296,Luxembourg,2007,Developed,82.0,0,11.75,267.051312,87.0,0,57.9,0,96.0,6.8,99.0,0.1,1618.4928,479993.0,0.9,0.9,0.877,13.5,
297,Luxembourg,2006,Developed,85.0,0,11.98,15345.4907,95.0,8,57.5,0,99.0,7.75,99.0,0.1,89739.7117,472637.0,0.9,0.9,0.88,13.5,
298,Luxembourg,2005,Developed,9.0,0,11.84,1346.246697,95.0,0,57.0,0,99.0,7.95,99.0,0.1,8289.69641,465158.0,1.0,0.9,0.874,13.5,
299,Luxembourg,2004,Developed,92.0,0,12.42,12372.05188,94.0,0,56.4,0,99.0,8.2,99.0,0.1,75716.3518,45895.0,1.0,0.9,0.867,13.5,
300,Luxembourg,2003,Developed,92.0,0,12.61,10111.38928,95.0,1,55.8,0,99.0,7.67,98.0,0.1,65445.8853,45163.0,1.0,0.9,0.865,13.6,
301,Luxembourg,2002,Developed,95.0,0,12.91,910.5062778,95.0,0,55.2,0,99.0,8.27,99.0,0.1,5293.64115,446175.0,1.0,0.9,0.86,13.5,
302,Luxembourg,2001,Developed,96.0,0,12.89,7877.33656,86.0,0,54.6,0,99.0,7.4,99.0,0.1,48179.4285,441525.0,1.0,1.0,0.854,13.4,
303,Luxembourg,2000,Developed,98.0,0,13.14,8246.130437,77.0,0,54.0,0,99.0,7.48,99.0,0.1,48735.99549,4363.0,1.0,1.0,0.848,13.5,
304,Mongolia,2015,Developing,222.0,1,,0.0,99.0,20359,52.7,1,99.0,,99.0,0.1,3944.1839,2976877.0,2.2,2.3,0.733,14.8,
305,Mongolia,2014,Developing,225.0,1,0.01,281.0023992,99.0,0,51.5,1,99.0,4.73,99.0,0.1,4181.583321,2923896.0,2.2,2.3,0.729,14.8,
306,Mongolia,2013,Developing,227.0,1,0.01,241.1958645,98.0,0,5.4,1,98.0,4.21,98.0,0.1,4385.379355,286917.0,2.2,2.3,0.72,14.7,
307,Mongolia,2012,Developing,231.0,1,0.01,253.8285861,99.0,0,49.2,2,99.0,4.22,99.0,0.1,4368.82248,2814226.0,2.2,2.3,0.712,14.7,
308,Mongolia,2011,Developing,235.0,1,0.01,257.8403154,99.0,0,48.0,2,99.0,4.45,99.0,0.1,3769.595255,2761516.0,2.2,2.3,0.701,14.6,
309,Mongolia,2010,Developing,25.0,1,5.8,22.31624272,96.0,7,46.9,2,96.0,4.7,96.0,0.1,265.353659,271265.0,2.2,2.3,0.693,14.3,
310,Mongolia,2009,Developing,235.0,1,4.61,134.1678932,97.0,8,45.9,2,96.0,5.29,95.0,0.1,1717.898761,2668289.0,2.2,2.3,0.686,13.8,
311,Mongolia,2008,Developing,225.0,2,4.26,181.0123284,96.0,31,44.9,2,95.0,5.58,96.0,0.1,2139.625631,2628131.0,2.2,2.3,0.673,13.4,
312,Mongolia,2007,Developing,26.0,2,3.79,126.698109,98.0,12,43.9,2,99.0,5.6,95.0,0.1,1634.81431,259167.0,2.2,2.4,0.661,13.0,
313,Mongolia,2006,Developing,271.0,2,2.91,122.1206485,98.0,26,43.0,2,98.0,4.68,99.0,0.1,1334.651896,255812.0,2.2,2.4,0.649,12.7,
314,Mongolia,2005,Developing,274.0,2,2.75,98.68367951,98.0,0,42.1,2,99.0,5.9,99.0,0.1,998.8226671,2526446.0,2.3,2.4,0.637,11.8,
315,Mongolia,2004,Developing,284.0,2,1.75,73.24150483,98.0,0,41.3,2,99.0,5.99,99.0,0.1,797.8377432,2496832.0,2.3,2.4,0.621,11.2,
316,Mongolia,2003,Developing,271.0,2,1.31,56.05686428,98.0,18,4.5,2,98.0,6.18,98.0,0.1,646.561295,2469286.0,2.4,2.5,0.609,10.5,
317,Mongolia,2002,Developing,263.0,2,2.43,55.60878216,98.0,1205,39.8,2,98.0,5.81,98.0,0.1,571.51883,2443659.0,2.4,2.5,0.599,10.1,
318,Mongolia,2001,Developing,266.0,2,2.87,61.84921903,95.0,10677,39.1,3,95.0,5.45,95.0,0.1,524.145924,2419776.0,2.5,2.6,0.588,9.4,
319,Mongolia,2000,Developing,274.0,2,2.79,56.431387,93.0,925,38.5,3,94.0,4.92,94.0,0.1,474.2133361,2397436.0,2.6,2.6,0.582,8.9,
320,Montenegro,2015,Developing,16.0,0,,0.0,82.0,0,61.8,0,89.0,,89.0,0.1,6461.192554,622159.0,1.8,1.8,0.804,15.1,
321,Montenegro,2014,Developing,17.0,0,0.01,726.0291764,87.0,0,61.3,0,91.0,6.42,91.0,0.1,7378.345289,62181.0,1.8,1.9,0.803,15.1,
322,Montenegro,2013,Developing,19.0,0,0.01,707.144691,9.0,0,6.7,0,94.0,6.43,94.0,0.1,7186.429787,62127.0,1.8,1.9,0.799,15.1,
323,Montenegro,2012,Developing,11.0,0,0.01,648.1331781,9.0,0,6.2,0,94.0,7.25,94.0,0.1,6586.71929,6261.0,1.9,1.9,0.797,15.1,
324,Montenegro,2011,Developing,113.0,0,6.56,666.7374371,91.0,5,59.7,0,95.0,6.92,95.0,0.1,7318.742449,6279.0,1.9,2.0,0.792,15.1,
325,Montenegro,2010,Developing,115.0,0,6.56,635.4849381,9.0,5,59.1,0,93.0,6.9,94.0,0.1,6682.281158,619428.0,2.0,2.0,0.787,15.0,
326,Montenegro,2009,Developing,117.0,0,6.45,489.6818699,87.0,0,58.5,0,91.0,6.7,92.0,0.1,6698.79439,618294.0,2.0,2.1,0.785,14.6,
327,Montenegro,2008,Developing,121.0,0,6.17,709.1311228,93.0,0,57.8,0,95.0,6.13,95.0,0.1,7325.73474,616969.0,2.1,2.1,0.774,14.2,
328,Montenegro,2007,Developing,125.0,0,4.98,678.5188944,9.0,0,57.2,0,92.0,6.74,92.0,0.1,5957.145693,615875.0,2.1,2.2,0.762,13.6,
329,Montenegro,2006,Developing,13.0,0,5.38,595.7306923,9.0,0,56.5,0,9.0,8.1,9.0,0.1,4383.59597,61525.0,2.2,2.2,0.751,13.2,
330,Montenegro,2005,Developing,133.0,0,,527.3076721,,0,55.7,0,,8.46,,0.1,3674.617924,614261.0,2.3,2.3,0.746,12.8,
331,Montenegro,2004,Developing,134.0,0,0.01,57.12190146,,0,55.0,0,,8.45,,0.1,338.199535,613353.0,2.3,2.4,0.74,12.6,
332,Montenegro,2003,Developing,134.0,0,0.01,495.0782963,,0,54.2,0,,8.91,,0.1,2789.1735,612267.0,2.4,2.4,0.0,0.0,
333,Montenegro,2002,Developing,136.0,0,0.01,36.48024032,,0,53.5,0,,8.33,,0.1,216.243274,69828.0,2.5,2.5,0.0,0.0,
334,Montenegro,2001,Developing,136.0,0,0.01,33.66981355,,0,52.7,0,,8.23,,0.1,199.583957,67389.0,2.5,2.6,0.0,0.0,
335,Montenegro,2000,Developing,144.0,0,0.01,274.5472605,,0,51.9,0,,7.32,,0.1,1627.42893,6495.0,2.6,2.7,0.0,0.0,
336,Morocco,2015,Developing,95.0,17,,0.0,99.0,17,58.5,20,99.0,,99.0,0.1,2847.285569,3483322.0,6.4,6.2,0.645,12.1,
337,Morocco,2014,Developing,96.0,18,0.43,198.7343495,99.0,10,57.5,21,99.0,5.91,99.0,0.1,3154.513484,3431882.0,6.4,6.2,0.64,12.1,
338,Morocco,2013,Developing,97.0,18,0.45,179.8598949,99.0,92,56.5,21,99.0,5.94,99.0,0.1,3111.762887,33824769.0,6.4,6.2,0.634,12.1,
339,Morocco,2012,Developing,99.0,19,0.55,19.15853732,99.0,668,55.5,22,99.0,6.15,99.0,0.1,294.746728,33333789.0,6.3,6.2,0.623,11.6,
340,Morocco,2011,Developing,14.0,19,0.54,22.0945504,98.0,982,54.6,22,98.0,5.99,99.0,0.1,339.91616,32858823.0,6.3,6.2,0.612,11.2,
341,Morocco,2010,Developing,11.0,20,0.56,183.6592186,98.0,633,53.6,23,99.0,5.86,99.0,0.1,2834.2472,3249639.0,6.3,6.2,0.603,10.7,
342,Morocco,2009,Developing,116.0,20,0.62,188.2902861,98.0,834,52.7,23,99.0,5.67,99.0,0.1,2861.5545,31989897.0,6.4,6.2,0.596,10.5,
343,Morocco,2008,Developing,123.0,21,0.51,171.3658969,97.0,1455,51.7,24,99.0,5.41,99.0,0.1,2884.94776,31596855.0,6.4,6.3,0.589,10.3,
344,Morocco,2007,Developing,128.0,21,0.56,157.6431445,95.0,2248,5.8,25,95.0,5.48,95.0,0.1,2494.353552,31225881.0,6.4,6.3,0.581,10.0,
345,Morocco,2006,Developing,133.0,22,0.58,127.7632005,95.0,1217,49.9,25,97.0,5.23,97.0,0.1,2191.478567,3869346.0,6.4,6.3,0.575,10.0,
346,Morocco,2005,Developing,137.0,22,0.47,9.469371264,96.0,0,49.1,26,98.0,5.6,98.0,0.1,213.755559,35217.0,6.5,6.3,0.569,9.8,
347,Morocco,2004,Developing,142.0,23,0.56,100.3638322,95.0,6399,48.2,27,97.0,5.22,97.0,0.1,1948.812275,3179285.0,6.5,6.4,0.561,9.6,
348,Morocco,2003,Developing,146.0,24,0.58,88.16506179,9.0,10841,47.3,28,91.0,5.25,91.0,0.1,1721.973863,29843937.0,6.6,6.4,0.551,9.3,
349,Morocco,2002,Developing,15.0,25,0.46,66.72933871,92.0,6000,46.5,29,94.0,5.31,94.0,0.1,1413.757176,29512368.0,6.6,6.5,0.54,8.8,
350,Morocco,2001,Developing,155.0,26,0.46,71.11645,84.0,2724,45.7,30,93.0,4.44,96.0,0.1,1336.775376,29181832.0,6.7,6.5,0.53,8.5,
351,Morocco,2000,Developing,16.0,27,0.45,63.42140024,43.0,7368,44.8,32,95.0,4.18,95.0,0.1,1332.382358,28849621.0,6.7,6.6,0.519,8.0,
352,Mozambique,2015,Developing,355.0,60,,0.0,8.0,79,22.6,81,8.0,,8.0,3.9,528.3125597,281691.0,3.6,3.5,0.414,9.1,
353,Mozambique,2014,Developing,375.0,61,0.01,54.91159475,79.0,9,22.2,84,79.0,6.98,79.0,4.1,623.2871141,27212382.0,3.6,3.5,0.409,9.1,
354,Mozambique,2013,Developing,46.0,62,1.16,5.813338496,78.0,8,21.8,87,78.0,5.9,78.0,5.1,65.985681,26434372.0,3.6,3.5,0.405,9.1,
355,Mozambique,2012,Developing,48.0,64,1.19,49.90987221,76.0,145,21.3,90,73.0,5.58,76.0,6.9,566.513873,2567666.0,3.6,3.5,0.4,9.2,
356,Mozambique,2011,Developing,47.0,66,0.94,40.80617976,76.0,177,2.9,94,73.0,6.23,76.0,9.6,526.5313517,249395.0,3.7,3.6,0.397,9.5,
357,Mozambique,2010,Developing,47.0,69,0.96,5.743393664,74.0,2321,2.5,98,73.0,5.38,74.0,10.8,419.2258149,2422145.0,3.7,3.6,0.39,9.3,
358,Mozambique,2009,Developing,4.0,70,1.18,39.75216936,74.0,60,2.1,101,74.0,5.43,74.0,11.3,463.852618,2352463.0,3.7,3.6,0.382,9.2,
359,Mozambique,2008,Developing,45.0,72,1.48,0.796915785,75.0,4,19.7,104,74.0,4.91,75.0,12.6,53.127719,22846758.0,3.7,3.7,0.372,8.8,
360,Mozambique,2007,Developing,425.0,74,1.03,53.9502789,75.0,267,19.3,108,75.0,5.25,75.0,14.1,422.1461573,22188387.0,3.8,3.7,0.36,8.2,
361,Mozambique,2006,Developing,434.0,78,1.2,58.59644487,75.0,183,18.9,113,73.0,6.51,78.0,16.3,385.7567141,21547463.0,3.8,3.7,0.353,7.9,
362,Mozambique,2005,Developing,434.0,80,1.23,67.33378735,75.0,12598,18.5,117,71.0,6.87,8.0,16.2,369.1545359,29237.0,3.9,3.8,0.341,7.3,
363,Mozambique,2004,Developing,429.0,82,1.54,46.58195631,76.0,9396,18.1,120,69.0,5.91,83.0,15.9,336.3318145,231275.0,3.9,3.8,0.332,7.0,
364,Mozambique,2003,Developing,424.0,85,1.68,42.52689559,76.0,28898,17.7,124,67.0,6.39,85.0,15.3,283.8911588,19716598.0,4.0,3.9,0.318,6.7,
365,Mozambique,2002,Developing,416.0,87,2.16,40.82597077,76.0,7155,17.3,127,76.0,6.45,76.0,14.5,262.884551,19139658.0,4.0,4.0,0.311,6.2,
366,Mozambique,2001,Developing,48.0,90,2.09,37.82511936,25.0,7085,16.9,132,72.0,5.64,73.0,13.4,256.4414872,18588758.0,4.1,4.0,0.298,5.8,
367,Mozambique,2000,Developing,43.0,93,1.14,47.17250718,,7375,16.5,136,69.0,6.16,7.0,12.2,277.6486591,1867687.0,4.2,4.1,0.291,5.4,
368,Myanmar,2015,Developing,199.0,39,,0.0,89.0,6,23.8,50,89.0,,89.0,0.3,1194.59137,5243669.0,12.8,13.0,0.552,9.1,
369,Myanmar,2014,Developing,21.0,40,0.01,45.33788677,88.0,122,22.9,52,88.0,2.28,88.0,0.3,1262.893782,51924182.0,12.9,13.1,0.547,9.1,
370,Myanmar,2013,Developing,22.0,42,0.7,38.33793462,75.0,1010,22.1,55,76.0,2.16,75.0,0.4,1168.83947,51448196.0,12.9,13.2,0.54,9.1,
371,Myanmar,2012,Developing,25.0,44,0.55,38.4279083,58.0,2175,21.3,58,87.0,2.22,84.0,0.5,1171.58257,5986514.0,13.0,13.2,0.533,9.1,
372,Myanmar,2011,Developing,27.0,47,0.33,21.23698847,4.0,2046,2.5,61,9.0,1.87,84.0,0.5,1186.423937,555331.0,13.0,13.3,0.526,9.1,
373,Myanmar,2010,Developing,29.0,49,0.3,17.48293752,92.0,190,19.8,65,9.0,1.92,9.0,0.5,987.7365832,5155896.0,13.1,13.3,0.515,8.8,
374,Myanmar,2009,Developing,211.0,52,0.28,11.05247903,91.0,329,19.1,69,9.0,2.5,9.0,0.6,741.777116,49869.0,13.1,13.4,0.504,8.5,
375,Myanmar,2008,Developing,296.0,59,0.3,9.53048032,85.0,333,18.3,96,85.0,1.87,85.0,0.6,643.951373,49479752.0,13.2,13.4,0.493,8.2,
376,Myanmar,2007,Developing,217.0,58,0.26,0.5305728,85.0,1088,17.6,78,84.0,1.68,86.0,0.6,41.451,49171586.0,13.2,13.5,0.484,8.1,
377,Myanmar,2006,Developing,22.0,61,0.28,4.632776304,75.0,760,17.0,83,82.0,1.78,82.0,0.6,296.97284,48846474.0,13.2,13.5,0.474,8.0,
378,Myanmar,2005,Developing,224.0,64,0.28,2.793843188,62.0,314,16.4,87,86.0,1.83,73.0,0.5,247.24276,48482614.0,13.2,13.6,0.465,7.9,
379,Myanmar,2004,Developing,228.0,66,0.44,4.15451614,39.0,1329,15.7,90,92.0,1.97,82.0,0.5,219.8156688,487377.0,13.3,13.6,0.455,7.8,
380,Myanmar,2003,Developing,231.0,69,0.4,3.824212472,8.0,830,15.2,93,86.0,1.97,78.0,0.5,219.782326,47624894.0,13.3,13.6,0.445,7.7,
381,Myanmar,2002,Developing,235.0,71,0.41,3.421880938,,736,14.6,96,84.0,2.5,79.0,0.4,143.77651,471422.0,13.3,13.7,0.435,7.6,
382,Myanmar,2001,Developing,239.0,72,0.38,1.917164,,2519,14.1,98,77.0,1.8,73.0,0.4,138.9249275,46627994.0,13.3,13.7,0.427,7.6,
383,Myanmar,2000,Developing,243.0,73,0.35,2.511437292,,845,13.6,100,88.0,1.84,82.0,0.4,193.187484,4695462.0,13.3,13.7,0.417,7.5,
384,Nepal,2015,Developing,165.0,17,,0.0,91.0,1599,19.1,21,9.0,,91.0,0.1,743.7653489,28656282.0,15.7,16.1,0.555,12.2,
385,Nepal,2014,Developing,158.0,18,0.01,8.523486403,92.0,1279,18.5,22,92.0,5.8,92.0,0.1,76.2386977,28323241.0,15.9,16.3,0.551,12.4,
386,Nepal,2013,Developing,162.0,19,0.27,80.15505125,92.0,1861,18.0,24,92.0,5.69,92.0,0.1,688.6172788,2798531.0,16.1,16.5,0.545,12.3,
387,Nepal,2012,Developing,167.0,20,0.26,80.58788376,9.0,3362,17.4,25,9.0,5.89,9.0,0.2,681.7925868,27649925.0,16.3,16.7,0.538,12.3,
388,Nepal,2011,Developing,172.0,22,0.27,112.1229028,92.0,2359,16.9,27,92.0,6.73,92.0,0.2,692.1166842,27327147.0,16.5,16.9,0.529,12.0,
389,Nepal,2010,Developing,178.0,23,0.24,84.62302524,82.0,190,16.4,30,83.0,6.43,82.0,0.2,592.1835216,2723137.0,16.7,17.2,0.515,11.1,
390,Nepal,2009,Developing,183.0,25,0.22,6.19357029,89.0,189,15.9,32,93.0,6.41,89.0,0.2,48.7299,2674113.0,16.9,17.4,0.502,10.5,
391,Nepal,2008,Developing,189.0,27,0.21,70.27113179,82.0,2089,15.4,35,82.0,6.44,82.0,0.2,473.844449,26475859.0,17.0,17.6,0.492,10.1,
392,Nepal,2007,Developing,194.0,29,0.2,52.22906505,82.0,1415,14.9,38,82.0,5.84,82.0,0.2,393.8843518,26214847.0,17.2,17.8,0.486,10.0,
393,Nepal,2006,Developing,21.0,31,0.2,45.87989927,69.0,2838,14.4,41,91.0,5.7,89.0,0.2,348.6314534,2594618.0,17.4,18.0,0.476,9.6,
394,Nepal,2005,Developing,28.0,33,0.2,4.259752532,41.0,5023,13.9,44,78.0,5.72,75.0,0.2,317.89198,2564287.0,17.6,18.2,0.469,9.4,
395,Nepal,2004,Developing,218.0,35,0.21,31.93187316,27.0,12074,13.4,47,8.0,5.82,8.0,0.2,287.4156,2539449.0,17.8,18.4,0.463,9.3,
396,Nepal,2003,Developing,22.0,38,0.2,2.79096532,2.0,13344,12.9,50,76.0,5.48,78.0,0.1,253.72412,2495623.0,18.0,18.6,0.457,9.2,
397,Nepal,2002,Developing,238.0,40,0.19,23.18394594,,6749,12.4,54,72.0,5.6,72.0,0.1,246.375621,24566342.0,18.2,18.8,0.447,8.6,
398,Nepal,2001,Developing,23.0,43,0.09,21.92813881,,10849,11.9,58,73.0,5.36,72.0,0.1,248.6183539,24161777.0,18.3,19.0,0.446,9.0,
399,Nepal,2000,Developing,238.0,46,0.08,17.9123368,,9397,11.4,62,74.0,5.43,74.0,0.1,231.42554,2374911.0,18.5,19.2,0.439,8.9,
400,Portugal,2015,Developed,76.0,0,,0.0,98.0,8,61.6,0,98.0,,98.0,0.1,1922.681,135876.0,0.7,0.5,0.841,16.6,
401,Portugal,2014,Developed,78.0,0,9.88,271.2545531,98.0,0,6.9,0,98.0,9.5,98.0,0.1,2277.53613,14162.0,0.7,0.5,0.837,16.8,
402,Portugal,2013,Developed,79.0,0,10.0,2698.01817,98.0,1,6.2,0,98.0,9.55,98.0,0.1,21618.73534,1457295.0,0.7,0.5,0.827,16.3,
403,Portugal,2012,Developed,81.0,0,11.96,331.457035,98.0,23,59.5,0,98.0,9.74,98.0,0.1,2577.4264,1514844.0,0.7,0.5,0.824,16.3,
404,Portugal,2011,Developed,85.0,0,11.92,3108.288623,97.0,2,58.8,0,97.0,1.7,97.0,0.1,23196.18375,155756.0,0.7,0.5,0.818,16.2,
405,Portugal,2010,Developed,88.0,0,12.25,3119.349824,97.0,5,58.1,0,97.0,1.44,98.0,0.1,22538.6548,15731.0,0.7,0.5,0.812,16.0,
406,Portugal,2009,Developed,9.0,0,12.03,337.1023516,96.0,3,57.3,0,96.0,1.42,96.0,0.1,2363.97161,1568247.0,0.7,0.5,0.809,16.0,
407,Portugal,2008,Developed,92.0,0,12.35,3652.869332,97.0,1,56.5,0,97.0,9.9,97.0,0.1,24815.6884,1558177.0,0.7,0.5,0.804,15.8,
408,Portugal,2007,Developed,94.0,0,12.57,333.3569124,97.0,0,55.7,0,96.0,9.62,97.0,0.1,2278.5845,1542964.0,0.7,0.5,0.797,15.4,
409,Portugal,2006,Developed,96.0,0,13.11,2884.020194,97.0,0,54.9,0,97.0,9.67,97.0,0.1,19821.44463,1522288.0,0.7,0.5,0.793,15.4,
410,Portugal,2005,Developed,11.0,0,13.33,2813.985285,94.0,7,54.1,1,93.0,9.98,93.0,0.1,18784.9485,15333.0,0.7,0.6,0.79,15.4,
411,Portugal,2004,Developed,99.0,0,13.45,276.0999798,94.0,5,53.3,1,95.0,9.84,95.0,0.1,1845.5881,1483861.0,0.7,0.6,0.792,15.9,
412,Portugal,2003,Developed,15.0,0,14.21,2283.891796,94.0,8,52.5,1,96.0,9.54,99.0,0.1,15772.7334,1458821.0,0.7,0.6,0.789,15.8,
413,Portugal,2002,Developed,17.0,1,12.0,1904.00231,82.0,8,51.7,1,96.0,9.15,98.0,0.1,12882.28897,1419631.0,0.8,0.6,0.788,15.9,
414,Portugal,2001,Developed,11.0,1,12.22,1657.328352,7.0,0,5.9,1,96.0,9.1,97.0,0.1,11729.14616,1362722.0,0.8,0.6,0.782,15.7,
415,Portugal,2000,Developed,11.0,1,11.89,167.3280168,58.0,45,5.1,1,96.0,9.14,96.0,0.1,1152.39681,1289898.0,0.8,0.6,0.777,15.5,
416,Republic of Korea,2015,Developing,64.0,1,,0.0,98.0,7,31.7,2,98.0,,98.0,0.1,,,1.5,1.0,,,
417,Republic of Korea,2014,Developing,66.0,1,0.01,0.0,99.0,442,31.2,2,99.0,7.37,99.0,0.1,,,1.5,1.0,,,
418,Republic of Korea,2013,Developing,68.0,1,9.33,0.0,99.0,107,3.8,2,99.0,7.2,99.0,0.1,,,1.5,1.0,,,
419,Republic of Korea,2012,Developing,69.0,1,9.56,0.0,99.0,2,3.4,2,99.0,7.1,99.0,0.1,,,1.5,1.0,,,
420,Republic of Korea,2011,Developing,72.0,2,9.34,0.0,99.0,42,3.0,2,98.0,6.83,99.0,0.1,,,1.5,1.0,,,
421,Republic of Korea,2010,Developing,74.0,2,9.23,0.0,94.0,114,29.5,2,95.0,6.79,94.0,0.1,,,1.5,1.0,,,
422,Republic of Korea,2009,Developing,75.0,2,8.97,0.0,94.0,17,29.1,2,95.0,6.66,94.0,0.1,,,1.5,1.0,,,
423,Republic of Korea,2008,Developing,75.0,2,9.31,0.0,94.0,2,28.6,2,92.0,6.16,94.0,0.1,,,1.5,1.0,,,
424,Republic of Korea,2007,Developing,77.0,2,9.05,0.0,91.0,194,28.2,2,91.0,5.99,91.0,0.1,,,1.5,1.0,,,
425,Republic of Korea,2006,Developing,79.0,2,8.83,0.0,99.0,28,27.7,2,98.0,5.76,98.0,0.1,,,1.5,1.0,,,
426,Republic of Korea,2005,Developing,84.0,2,9.03,0.0,99.0,7,27.2,3,96.0,5.33,96.0,0.1,,,1.6,1.0,,,
427,Republic of Korea,2004,Developing,89.0,3,9.18,0.0,92.0,11,26.7,3,9.0,4.96,88.0,0.1,,,1.6,1.0,,,
428,Republic of Korea,2003,Developing,95.0,3,9.66,0.0,91.0,33,26.2,3,94.0,4.93,97.0,0.1,,,1.6,1.0,,,
429,Republic of Korea,2002,Developing,99.0,3,9.55,0.0,92.0,62,25.7,4,99.0,4.61,97.0,0.1,,,1.6,1.1,,,
430,Republic of Korea,2001,Developing,17.0,3,11.45,0.0,89.0,23060,25.2,4,99.0,4.76,97.0,0.1,,,1.6,1.1,,,
431,Republic of Korea,2000,Developing,116.0,4,10.33,0.0,93.0,32647,24.7,4,99.0,4.23,97.0,0.1,,,1.6,1.1,,,
432,Saint Kitts and Nevis,2013,Developing,,0,8.54,0.0,97.0,0,5.2,0,96.0,6.14,96.0,0.1,,,3.7,3.6,0.749,13.4,
433,Saint Lucia,2015,Developing,138.0,0,,0.0,99.0,0,47.5,0,99.0,,99.0,0.1,,,4.3,4.3,0.735,13.1,
434,Saint Lucia,2014,Developing,139.0,0,9.97,0.0,99.0,0,46.7,0,99.0,6.72,99.0,0.1,,,4.3,4.3,0.723,13.1,
435,Saint Lucia,2013,Developing,141.0,0,9.73,0.0,99.0,0,45.9,0,99.0,7.85,99.0,0.1,,,4.3,4.3,0.734,13.1,
436,Saint Lucia,2012,Developing,142.0,0,9.99,0.0,98.0,0,45.2,0,98.0,8.35,98.0,0.1,,,4.3,4.3,0.735,13.0,
437,Saint Lucia,2011,Developing,143.0,0,10.43,0.0,99.0,0,44.5,0,99.0,7.58,99.0,0.1,,,4.3,4.3,0.733,12.9,
438,Saint Lucia,2010,Developing,147.0,0,10.87,0.0,97.0,0,43.8,0,97.0,8.1,97.0,0.1,,,4.3,4.3,0.724,12.8,
439,Saint Lucia,2009,Developing,147.0,0,11.09,0.0,95.0,0,43.0,0,95.0,8.12,95.0,0.1,,,4.3,4.4,0.717,12.7,
440,Saint Lucia,2008,Developing,149.0,0,12.09,0.0,96.0,0,42.2,0,96.0,7.43,96.0,0.1,,,4.3,4.4,0.71,12.6,
441,Saint Lucia,2007,Developing,151.0,0,12.68,0.0,99.0,0,41.3,0,99.0,6.81,99.0,0.1,,,4.3,4.4,0.707,12.8,
442,Saint Lucia,2006,Developing,155.0,0,13.45,0.0,85.0,0,4.4,0,85.0,6.37,85.0,0.1,,,4.3,4.4,0.694,12.4,
443,Saint Lucia,2005,Developing,16.0,0,12.32,0.0,95.0,0,39.6,0,95.0,6.25,95.0,0.2,,,4.4,4.4,0.689,12.2,
444,Saint Lucia,2004,Developing,166.0,0,11.93,0.0,91.0,0,39.0,0,91.0,6.2,91.0,0.2,,,4.4,4.4,0.686,12.3,
445,Saint Lucia,2003,Developing,171.0,0,12.55,0.0,84.0,0,38.4,0,91.0,6.1,9.0,0.2,,,4.4,4.4,0.684,12.4,
446,Saint Lucia,2002,Developing,174.0,0,11.85,0.0,14.0,0,37.9,0,9.0,6.33,74.0,0.1,,,4.4,4.5,0.681,12.5,
447,Saint Lucia,2001,Developing,178.0,0,12.03,0.0,,0,37.3,0,99.0,6.1,99.0,0.3,,,4.5,4.5,0.684,12.6,
448,Saint Lucia,2000,Developing,183.0,0,11.69,0.0,,0,36.8,0,7.0,5.53,7.0,0.4,,,4.5,4.5,0.0,12.8,
449,Saint Vincent and the Grenadines,2015,Developing,156.0,0,,0.0,98.0,0,54.1,0,97.0,,98.0,0.1,,,3.5,3.4,0.72,13.3,
450,Saint Vincent and the Grenadines,2014,Developing,157.0,0,7.01,0.0,98.0,0,53.1,0,97.0,8.63,98.0,0.1,,,3.5,3.4,0.72,13.3,
451,Saint Vincent and the Grenadines,2013,Developing,161.0,0,7.07,0.0,97.0,0,52.2,0,97.0,5.21,97.0,0.1,,,3.5,3.4,0.717,13.3,
452,Saint Vincent and the Grenadines,2012,Developing,159.0,0,6.93,0.0,96.0,0,51.2,0,96.0,8.48,96.0,0.1,,,3.5,3.5,0.713,13.3,
453,Saint Vincent and the Grenadines,2011,Developing,16.0,0,7.02,0.0,96.0,0,5.3,0,96.0,4.99,96.0,0.1,,,3.5,3.5,0.712,13.3,
454,Saint Vincent and the Grenadines,2010,Developing,162.0,0,7.0,0.0,99.0,0,49.3,0,99.0,4.71,99.0,0.1,,,3.5,3.5,0.711,13.3,
455,Saint Vincent and the Grenadines,2009,Developing,165.0,0,6.85,0.0,99.0,0,48.4,0,99.0,5.13,99.0,0.2,,,3.6,3.5,0.709,13.3,
456,Saint Vincent and the Grenadines,2008,Developing,167.0,0,6.92,0.0,99.0,0,47.5,0,99.0,4.7,99.0,0.3,,,3.6,3.6,0.704,13.3,
457,Saint Vincent and the Grenadines,2007,Developing,17.0,0,5.89,0.0,99.0,0,46.6,0,99.0,3.92,99.0,0.3,,,3.6,3.6,0.702,13.3,
458,Saint Vincent and the Grenadines,2006,Developing,173.0,0,5.93,0.0,99.0,0,45.7,0,99.0,3.88,99.0,0.3,,,3.7,3.6,0.695,13.3,
459,Saint Vincent and the Grenadines,2005,Developing,177.0,0,6.04,0.0,99.0,0,44.7,0,93.0,3.66,99.0,0.2,,,3.7,3.7,0.692,13.3,
460,Saint Vincent and the Grenadines,2004,Developing,181.0,0,5.42,0.0,99.0,0,43.8,0,99.0,3.72,99.0,0.4,,,3.8,3.7,0.689,13.2,
461,Saint Vincent and the Grenadines,2003,Developing,184.0,0,5.1,0.0,31.0,0,42.9,0,99.0,3.91,99.0,0.4,,,3.8,3.8,0.682,13.0,
462,Saint Vincent and the Grenadines,2002,Developing,186.0,0,4.94,0.0,,0,42.0,0,99.0,3.93,99.0,0.4,,,3.9,3.8,0.677,12.9,
463,Saint Vincent and the Grenadines,2001,Developing,186.0,0,4.73,0.0,,0,41.0,0,99.0,3.64,99.0,0.7,,,3.9,3.9,0.673,12.8,
464,Saint Vincent and the Grenadines,2000,Developing,186.0,0,4.8,0.0,,0,4.1,0,99.0,3.73,98.0,0.7,,,4.0,3.9,0.0,12.7,
465,San Marino,2013,Developing,,0,0.01,0.0,69.0,0,,0,69.0,6.5,69.0,0.1,,,,,,15.1,
466,Sierra Leone,2015,Developing,413.0,22,,0.0,86.0,607,24.4,30,86.0,,86.0,0.5,587.538233,723725.0,7.4,7.3,0.431,9.5,
467,Sierra Leone,2014,Developing,463.0,23,0.01,1.443286353,83.0,1006,23.8,32,83.0,11.9,83.0,0.6,78.4394757,779162.0,7.5,7.4,0.426,9.5,
468,Sierra Leone,2013,Developing,47.0,23,0.01,1.321464076,92.0,15,23.3,33,92.0,11.59,92.0,0.8,71.8186998,692279.0,7.7,7.6,0.413,9.3,
469,Sierra Leone,2012,Developing,411.0,25,0.01,54.56033696,91.0,678,22.7,35,91.0,11.24,91.0,0.9,561.8984239,676613.0,7.9,7.8,0.401,9.1,
470,Sierra Leone,2011,Developing,418.0,26,3.78,54.6659175,89.0,1865,22.2,38,88.0,11.98,89.0,1.3,445.525,6611692.0,8.1,8.0,0.392,8.9,
471,Sierra Leone,2010,Developing,424.0,27,3.84,5.347717533,86.0,1089,21.7,40,84.0,1.32,86.0,1.6,45.128418,645872.0,8.3,8.2,0.384,8.7,
472,Sierra Leone,2009,Developing,433.0,28,3.97,49.8371267,84.0,31,21.2,42,81.0,13.13,84.0,1.7,394.5932439,63126.0,8.5,8.4,0.375,8.5,
473,Sierra Leone,2008,Developing,441.0,29,3.91,5.379606465,77.0,44,2.7,44,75.0,1.29,77.0,1.9,46.3759178,6165372.0,8.7,8.7,0.367,8.3,
474,Sierra Leone,2007,Developing,45.0,29,3.86,45.57108889,63.0,0,2.2,45,63.0,1.12,64.0,2.2,358.8274716,615417.0,8.9,8.9,0.357,8.2,
475,Sierra Leone,2006,Developing,464.0,30,3.8,38.00075788,,33,19.7,46,65.0,1.68,64.0,2.2,322.313468,5848692.0,9.1,9.1,0.348,8.0,
476,Sierra Leone,2005,Developing,48.0,30,3.83,42.08892911,,29,19.2,47,67.0,12.25,65.0,2.2,287.6891942,5658379.0,9.3,9.3,0.341,7.8,
477,Sierra Leone,2004,Developing,496.0,30,3.99,38.52454761,,7,18.8,47,69.0,11.66,65.0,2.1,263.145817,5439695.0,9.5,9.5,0.332,7.6,
478,Sierra Leone,2003,Developing,57.0,30,4.07,38.61473209,,586,18.4,47,66.0,11.69,73.0,1.9,263.7618312,5199549.0,9.7,9.8,0.322,7.4,
479,Sierra Leone,2002,Developing,513.0,30,4.06,36.59114895,,568,17.9,48,54.0,11.96,53.0,1.7,249.939542,4957216.0,9.9,1.0,0.306,7.2,
480,Sierra Leone,2001,Developing,519.0,30,4.21,33.34691455,,649,17.5,48,38.0,11.83,38.0,1.5,227.779471,4739147.0,1.1,1.2,0.302,7.0,
481,Sierra Leone,2000,Developing,533.0,29,3.97,20.39568283,,3575,17.2,48,46.0,13.63,44.0,1.2,139.3147734,4564297.0,1.3,1.4,0.292,6.7,
482,Slovakia,2015,Developed,19.0,0,,0.0,96.0,1,59.1,0,96.0,,96.0,0.1,,,1.2,1.2,0.842,15.0,
483,Slovakia,2014,Developed,113.0,0,10.6,0.0,97.0,0,58.4,0,97.0,8.5,97.0,0.1,,,1.2,1.2,0.841,15.1,
484,Slovakia,2013,Developed,114.0,0,9.89,0.0,98.0,0,57.8,0,98.0,8.0,98.0,0.1,,,1.2,1.3,0.838,15.0,
485,Slovakia,2012,Developed,118.0,0,10.12,0.0,99.0,0,57.2,0,99.0,8.15,99.0,0.1,,,1.2,1.3,0.835,15.0,
486,Slovakia,2011,Developed,122.0,0,10.24,0.0,99.0,0,56.5,0,99.0,7.96,99.0,0.1,,,1.2,1.3,0.829,15.0,
487,Slovakia,2010,Developed,124.0,0,10.13,0.0,99.0,0,55.9,0,99.0,8.51,99.0,0.1,,,1.3,1.3,0.822,15.0,
488,Slovakia,2009,Developed,131.0,0,10.63,0.0,99.0,0,55.3,0,99.0,9.15,99.0,0.1,,,1.3,1.4,0.82,14.9,
489,Slovakia,2008,Developed,136.0,0,11.37,0.0,99.0,0,54.8,0,99.0,8.2,99.0,0.1,,,1.3,1.4,0.813,14.8,
490,Slovakia,2007,Developed,14.0,0,10.58,0.0,99.0,0,54.2,0,99.0,7.76,99.0,0.1,,,1.3,1.4,0.802,14.5,
491,Slovakia,2006,Developed,138.0,0,10.28,0.0,99.0,0,53.7,0,99.0,7.35,99.0,0.1,,,1.4,1.5,0.793,14.3,
492,Slovakia,2005,Developed,141.0,0,10.81,0.0,99.0,0,53.1,0,99.0,7.4,99.0,0.1,,,1.4,1.5,0.784,14.0,
493,Slovakia,2004,Developed,138.0,0,10.03,0.0,99.0,2,52.6,0,99.0,7.21,99.0,0.1,,,1.4,1.5,0.776,13.8,
494,Slovakia,2003,Developed,144.0,0,9.85,0.0,99.0,1,52.1,0,98.0,5.82,99.0,0.1,,,1.5,1.6,0.771,13.6,
495,Slovakia,2002,Developed,145.0,0,10.78,0.0,99.0,0,51.6,0,98.0,5.63,99.0,0.1,,,1.5,1.6,0.763,13.3,
496,Slovakia,2001,Developed,145.0,0,10.73,0.0,99.0,0,51.1,1,99.0,5.5,99.0,0.1,,,1.5,1.6,0.763,13.3,
497,Slovakia,2000,Developed,147.0,0,11.06,0.0,98.0,0,5.7,1,98.0,5.5,99.0,0.1,,,1.6,1.7,0.761,13.0,
498,Slovenia,2015,Developed,74.0,0,,0.0,,18,6.1,0,95.0,,95.0,0.1,2729.86383,263531.0,1.4,1.3,0.888,17.3,
499,Slovenia,2014,Developed,76.0,0,10.46,31.13492794,,52,59.5,0,95.0,9.23,95.0,0.1,242.67286,26198.0,1.4,1.4,0.888,17.6,
500,Slovenia,2013,Developed,78.0,0,9.53,259.7786785,,1,58.9,0,95.0,9.29,95.0,0.1,2315.31799,259953.0,1.4,1.4,0.878,16.8,
501,Slovenia,2012,Developed,81.0,0,10.95,3283.024864,,2,58.2,0,96.0,9.37,96.0,0.1,22486.47167,257159.0,1.5,1.5,0.877,16.8,
502,Slovenia,2011,Developed,84.0,0,10.61,3343.026219,,22,57.6,0,96.0,9.8,96.0,0.1,24985.24827,252843.0,1.6,1.6,0.876,17.0,
503,Slovenia,2010,Developed,87.0,0,10.32,3187.496219,,2,57.0,0,96.0,9.7,96.0,0.1,23437.4722,248583.0,1.6,1.6,0.872,16.9,
504,Slovenia,2009,Developed,9.0,0,10.52,3505.389434,,0,56.4,0,96.0,9.38,96.0,0.1,24633.79785,239669.0,1.7,1.7,0.873,16.9,
505,Slovenia,2008,Developed,96.0,0,10.94,392.9588536,,0,55.8,0,97.0,8.47,97.0,0.1,2751.8127,221316.0,1.7,1.7,0.869,16.9,
506,Slovenia,2007,Developed,12.0,0,11.02,3256.724028,,0,55.2,0,97.0,7.98,97.0,0.1,23841.31792,218122.0,1.8,1.8,0.865,16.8,
507,Slovenia,2006,Developed,17.0,0,12.26,2724.17807,,0,54.7,0,97.0,8.42,97.0,0.1,19726.1265,26868.0,1.8,1.9,0.858,16.7,
508,Slovenia,2005,Developed,14.0,0,11.14,2503.714258,,0,54.1,0,95.0,8.5,95.0,0.1,18169.1891,2474.0,1.9,2.0,0.853,16.3,
509,Slovenia,2004,Developed,113.0,0,10.0,235.3785281,,0,53.5,0,94.0,8.47,94.0,0.1,1726.9151,199712.0,2.0,2.0,0.85,16.6,
510,Slovenia,2003,Developed,119.0,0,11.58,203.3252124,,0,52.9,0,95.0,8.77,95.0,0.1,1488.47154,1995733.0,2.0,2.1,0.843,16.1,
511,Slovenia,2002,Developed,117.0,0,9.29,1617.473418,,0,52.3,0,93.0,8.62,93.0,0.1,11814.9994,199453.0,2.1,2.2,0.835,15.6,
512,Slovenia,2001,Developed,124.0,0,10.8,196.3026243,,0,51.8,0,93.0,8.57,92.0,0.1,1479.29634,19926.0,2.2,2.2,0.824,14.7,
513,Slovenia,2000,Developed,122.0,0,11.9,161.4473853,,0,51.2,0,93.0,8.26,91.0,0.1,1227.73677,1988925.0,2.2,2.3,0.818,14.6,
514,South Africa,2015,Developing,328.0,42,,0.0,75.0,17,51.1,52,75.0,,75.0,3.6,5769.77258,5511976.68,4.4,5.3,0.665,13.0,
515,South Africa,2014,Developing,347.0,42,7.38,922.0507313,8.0,66,5.3,52,77.0,8.8,77.0,3.7,6479.625659,54146734.74,4.9,5.9,0.66,13.0,
516,South Africa,2013,Developing,371.0,43,7.34,978.5905287,7.0,25,49.5,54,73.0,8.78,73.0,4.5,6876.953821,53311955.61,5.4,6.5,0.652,12.8,
517,South Africa,2012,Developing,48.0,43,7.38,1089.954838,68.0,32,48.7,56,65.0,8.79,65.0,7.6,7548.163698,5256515.8,6.0,7.3,0.644,12.8,
518,South Africa,2011,Developing,413.0,43,7.38,123.753335,76.0,92,47.9,58,69.0,8.61,69.0,8.5,849.954224,51729345.36,6.6,8.0,0.638,12.8,
519,South Africa,2010,Developing,428.0,43,7.28,1038.885632,71.0,12499,47.2,62,72.0,8.5,72.0,11.0,7362.76139,5979432.36,7.3,8.9,0.63,12.8,
520,South Africa,2009,Developing,449.0,46,7.6,782.5987144,74.0,5857,46.4,70,75.0,8.39,76.0,19.0,5888.6284,5255813.11,8.1,9.8,0.622,12.8,
521,South Africa,2008,Developing,473.0,50,8.19,780.0336423,76.0,39,45.7,75,77.0,7.75,79.0,23.5,5786.59972,49557573.3,8.9,1.7,0.616,12.9,
522,South Africa,2007,Developing,486.0,51,8.48,805.490079,83.0,31,45.0,79,79.0,7.53,82.0,26.4,6125.39984,48883844.99,9.7,11.7,0.612,12.9,
523,South Africa,2006,Developing,496.0,54,8.5,732.1255305,83.0,81,44.3,82,79.0,7.57,82.0,28.1,5631.73485,4823384.48,1.6,12.8,0.609,12.9,
524,South Africa,2005,Developing,498.0,55,8.69,709.3170967,79.0,615,43.6,84,75.0,7.77,79.0,29.5,5414.634326,476667.24,11.6,13.9,0.609,12.9,
525,South Africa,2004,Developing,497.0,55,6.96,622.043809,76.0,830,42.9,83,73.0,7.93,74.0,29.7,4863.51688,4717.99,12.6,15.0,0.611,12.9,
526,South Africa,2003,Developing,485.0,55,6.93,519.1563781,71.0,244,42.2,82,7.0,8.26,69.0,28.9,3775.68275,46418193.9,13.5,16.1,0.613,12.9,
527,South Africa,2002,Developing,459.0,54,7.04,346.5316007,72.0,1043,41.6,79,7.0,8.9,7.0,26.6,2518.398261,45855482.88,14.5,17.1,0.62,12.9,
528,South Africa,2001,Developing,429.0,52,7.38,365.2585722,72.0,1166,4.9,76,71.0,8.31,71.0,24.0,2681.781,45312937.0,15.4,18.1,0.629,13.0,
529,South Africa,2000,Developing,397.0,51,7.3,45.96380839,73.0,1459,4.1,73,71.0,8.7,73.0,21.3,337.2253,44896856.0,16.3,19.1,0.635,13.0,
530,South Sudan,2015,Developing,332.0,26,,0.0,31.0,878,,39,41.0,,31.0,3.4,758.725782,11882136.0,,,0.421,4.9,
531,South Sudan,2014,Developing,343.0,26,,46.0744686,,441,,39,44.0,2.74,39.0,3.5,1151.861715,1153971.0,,,0.421,4.9,
532,South Sudan,2013,Developing,345.0,26,,47.44453,,525,,40,5.0,2.62,45.0,3.6,1186.11325,1117749.0,,,0.417,4.9,
533,South Sudan,2012,Developing,347.0,26,,38.3382324,,1952,,40,64.0,2.77,59.0,3.8,958.45581,1818258.0,,,0.419,4.9,
534,South Sudan,2011,Developing,355.0,27,,0.0,,1256,,41,66.0,,61.0,3.9,176.9713,1448857.0,,,0.429,4.9,
535,South Sudan,2010,Developing,359.0,27,,0.0,,0,,41,,,,4.0,1562.239346,167192.0,,,0.0,0.0,
536,South Sudan,2009,Developing,369.0,27,,0.0,,0,,42,,,,4.2,1264.78998,967667.0,,,0.0,0.0,
537,South Sudan,2008,Developing,377.0,27,,0.0,,0,,42,,,,4.2,1678.711862,9263136.0,,,0.0,0.0,
538,South Sudan,2007,Developing,381.0,27,,0.0,,0,,43,,,,4.2,,88568.0,,,0.0,0.0,
539,South Sudan,2006,Developing,383.0,28,,0.0,,0,,43,,,,4.1,,8468152.0,,,0.0,0.0,
540,South Sudan,2005,Developing,383.0,28,,0.0,,0,,44,,,,3.9,,818877.0,,,0.0,0.0,
541,South Sudan,2004,Developing,383.0,29,,0.0,,0,,45,,,,3.8,,7787655.0,,,0.0,0.0,
542,South Sudan,2003,Developing,383.0,29,,0.0,,0,,46,,,,3.5,,751642.0,,,0.0,0.0,
543,South Sudan,2002,Developing,382.0,30,,0.0,,0,,48,,,,3.3,,7237276.0,,,0.0,0.0,
544,South Sudan,2001,Developing,381.0,30,,0.0,,0,,49,,,,3.0,,6974442.0,,,0.0,0.0,
545,South Sudan,2000,Developing,38.0,31,,0.0,,0,,50,,,,2.7,,67656.0,,,0.0,0.0,
546,Syrian Arab Republic,2015,Developing,293.0,6,,0.0,41.0,45,57.1,8,5.0,,41.0,0.1,,18734987.0,6.3,6.1,0.553,9.0,
547,Syrian Arab Republic,2014,Developing,294.0,7,0.01,0.0,47.0,594,56.2,8,52.0,3.25,43.0,0.1,,19239.0,6.3,6.1,0.575,9.0,
548,Syrian Arab Republic,2013,Developing,37.0,7,0.01,0.0,71.0,740,55.2,9,5.0,3.25,41.0,0.1,,1989141.0,6.3,6.1,0.635,13.0,
549,Syrian Arab Republic,2012,Developing,32.0,7,0.01,0.0,43.0,13,54.2,9,47.0,3.25,45.0,0.1,,24271.0,6.3,6.1,0.645,12.5,
550,Syrian Arab Republic,2011,Developing,163.0,7,0.76,0.0,66.0,13,53.2,8,6.0,3.23,72.0,0.1,,2863993.0,6.3,6.1,0.646,12.0,
551,Syrian Arab Republic,2010,Developing,127.0,7,0.78,0.0,84.0,26,52.3,9,83.0,3.28,8.0,0.1,,2118834.0,6.4,6.1,0.65,11.7,
552,Syrian Arab Republic,2009,Developing,124.0,7,0.81,0.0,84.0,22,51.3,9,83.0,3.55,8.0,0.1,,2824893.0,6.4,6.2,0.648,11.8,
553,Syrian Arab Republic,2008,Developing,122.0,8,0.8,0.0,83.0,19,5.4,9,83.0,3.4,79.0,0.1,,2325443.0,6.4,6.2,0.651,11.6,
554,Syrian Arab Republic,2007,Developing,121.0,8,0.83,17.98136184,83.0,403,49.4,9,83.0,3.72,8.0,0.1,258.3529,1963286.0,6.4,6.2,0.644,11.5,
555,Syrian Arab Republic,2006,Developing,123.0,8,0.97,122.6523334,83.0,517,48.5,10,83.0,3.78,8.0,0.1,1762.24617,18914977.0,6.4,6.3,0.636,11.4,
556,Syrian Arab Republic,2005,Developing,127.0,9,0.92,116.2585943,83.0,375,47.6,10,83.0,4.11,8.0,0.1,1577.457182,18294611.0,6.5,6.3,0.624,11.0,
557,Syrian Arab Republic,2004,Developing,131.0,9,0.93,10.21129783,82.0,189,46.8,10,84.0,4.48,81.0,0.1,148.852738,1786638.0,6.5,6.3,0.61,10.6,
558,Syrian Arab Republic,2003,Developing,134.0,9,1.29,94.75639211,81.0,801,46.0,11,85.0,5.12,83.0,0.1,1253.39143,17415266.0,6.6,6.4,0.599,10.3,
559,Syrian Arab Republic,2002,Developing,135.0,9,1.25,91.70356833,8.0,538,45.3,11,86.0,4.94,84.0,0.1,1263.13455,178791.0,6.6,6.5,0.596,10.2,
560,Syrian Arab Republic,2001,Developing,135.0,10,1.29,93.50075111,8.0,290,44.6,11,83.0,4.92,82.0,0.1,1258.421953,16766899.0,6.7,6.5,0.589,10.1,
561,Syrian Arab Republic,2000,Developing,136.0,10,1.41,81.7274712,79.0,146,43.9,12,86.0,4.92,84.0,0.1,1177.629268,1641848.0,6.8,6.6,0.588,10.0,
562,Timor-Leste,2015,Developing,152.0,2,,0.0,76.0,43,17.4,2,75.0,,76.0,0.1,1161.76935,124977.0,1.9,11.1,0.603,12.5,
563,Timor-Leste,2014,Developing,155.0,2,0.01,28.14578503,77.0,47,17.0,2,76.0,1.48,77.0,0.1,1153.51578,1212814.0,1.9,11.1,0.612,12.5,
564,Timor-Leste,2013,Developing,158.0,2,0.01,3.379874844,82.0,4,16.6,2,82.0,1.29,82.0,0.1,117.765674,1184366.0,11.1,11.2,0.62,12.5,
565,Timor-Leste,2012,Developing,159.0,2,0.01,30.17998548,83.0,16,16.2,2,83.0,1.1,83.0,0.1,1117.77724,115676.0,11.2,11.3,0.618,12.5,
566,Timor-Leste,2011,Developing,161.0,2,0.5,2.726570602,67.0,763,15.8,3,66.0,0.76,67.0,0.1,114.56179,1131523.0,11.3,11.4,0.607,12.5,
567,Timor-Leste,2010,Developing,163.0,2,0.1,38.58376645,72.0,50,15.5,3,72.0,0.92,72.0,0.1,849.8626972,119591.0,11.5,11.5,0.599,12.4,
568,Timor-Leste,2009,Developing,165.0,2,0.09,36.199487,72.0,10,15.1,3,78.0,1.2,72.0,0.1,757.3114436,19221.0,11.6,11.6,0.599,12.1,
569,Timor-Leste,2008,Developing,168.0,2,0.06,36.69198927,79.0,0,14.7,3,79.0,0.74,79.0,0.1,643.71911,17811.0,11.7,11.7,0.566,11.7,
570,Timor-Leste,2007,Developing,173.0,2,0.05,11.75766897,,0,14.2,3,7.0,0.37,7.0,0.1,524.8959363,164973.0,11.8,11.8,0.541,11.3,
571,Timor-Leste,2006,Developing,186.0,2,0.04,28.12560496,,90,13.9,3,62.0,0.65,63.0,0.1,441.53226,148621.0,11.9,11.9,0.511,11.0,
572,Timor-Leste,2005,Developing,26.0,3,0.36,7.127144699,,203,13.5,3,55.0,1.5,55.0,0.1,478.331859,126484.0,12.0,11.9,0.492,10.6,
573,Timor-Leste,2004,Developing,229.0,3,0.38,8.415788935,,41,13.2,3,57.0,1.31,57.0,0.1,467.5438297,996698.0,12.0,12.0,0.484,10.2,
574,Timor-Leste,2003,Developing,25.0,3,0.44,46.3913277,,94,12.9,4,55.0,2.48,55.0,0.1,471.4565823,96852.0,12.1,12.1,0.485,9.8,
575,Timor-Leste,2002,Developing,261.0,3,0.48,5.649123424,,0,12.6,4,38.0,3.89,54.0,0.1,48.61552,923825.0,12.1,12.1,0.475,9.8,
576,Timor-Leste,2001,Developing,269.0,3,0.5,6.556583478,,0,12.3,4,,3.75,,0.1,56.4249869,892531.0,12.1,12.2,0.47,9.8,
577,Timor-Leste,2000,Developing,276.0,3,0.5,49.06967155,,0,11.9,4,,3.26,,0.1,422.28633,87167.0,12.2,12.2,0.0,0.0,
